ep,id,clip,series,fold,emotion,valence,arousal,pred_gkf,pred_valence_gkf,pred_arousal_gkf,pred_loso,pred_valence_loso,pred_arousal_loso
chay-tron-thanh-xuan/ep01_1,seg00000,clips/chay-tron-thanh-xuan__ep01_1__seg00000.wav,chay-tron-thanh-xuan,4,anger,2,4,anger,-2.79,4.975,anger,-0.257,1.749
chay-tron-thanh-xuan/ep01_1,seg00001,clips/chay-tron-thanh-xuan__ep01_1__seg00001.wav,chay-tron-thanh-xuan,4,anger,2,4,anger,-2.174,3.281,anger,-0.401,1.189
chay-tron-thanh-xuan/ep01_1,seg00002,clips/chay-tron-thanh-xuan__ep01_1__seg00002.wav,chay-tron-thanh-xuan,4,neutral,2,4,fear_anxiety,-5.005,0.872,fear_anxiety,-1.176,2.541
chay-tron-thanh-xuan/ep01_1,seg00087,clips/chay-tron-thanh-xuan__ep01_1__seg00087.wav,chay-tron-thanh-xuan,4,anger,2,4,sadness,-2.537,3.145,sadness,-2.696,-1.459
chay-tron-thanh-xuan/ep01_1,seg00003,clips/chay-tron-thanh-xuan__ep01_1__seg00003.wav,chay-tron-thanh-xuan,4,neutral,2,4,anger,-2.23,2.413,anger,-3.136,0.064
chay-tron-thanh-xuan/ep01_1,seg00006,clips/chay-tron-thanh-xuan__ep01_1__seg00006.wav,chay-tron-thanh-xuan,4,anger,2,3,fear_anxiety,0.005,2.518,fear_anxiety,-1.771,2.069
chay-tron-thanh-xuan/ep01_1,seg00008,clips/chay-tron-thanh-xuan__ep01_1__seg00008.wav,chay-tron-thanh-xuan,4,anger,2,4,fear_anxiety,-3.291,8.412,fear_anxiety,0.214,4.192
chay-tron-thanh-xuan/ep01_1,seg00086,clips/chay-tron-thanh-xuan__ep01_1__seg00086.wav,chay-tron-thanh-xuan,4,joy,4,3,joy,4.45,3.726,joy,2.127,2.957
chay-tron-thanh-xuan/ep01_1,seg00009,clips/chay-tron-thanh-xuan__ep01_1__seg00009.wav,chay-tron-thanh-xuan,4,anger,2,3,anger,-6.657,5.093,sadness,-1.026,2.298
chay-tron-thanh-xuan/ep01_1,seg00010,clips/chay-tron-thanh-xuan__ep01_1__seg00010.wav,chay-tron-thanh-xuan,4,anger,2,3,anger,-5.306,6.218,anger,-4.702,4.421
chay-tron-thanh-xuan/ep01_1,seg00011,clips/chay-tron-thanh-xuan__ep01_1__seg00011.wav,chay-tron-thanh-xuan,4,fear_anxiety,2,3,anger,-2.285,4.704,anger,-2.412,3.525
chay-tron-thanh-xuan/ep01_1,seg00014,clips/chay-tron-thanh-xuan__ep01_1__seg00014.wav,chay-tron-thanh-xuan,4,sadness,2,3,anger,-6.336,4.749,anger,-3.358,2.275
chay-tron-thanh-xuan/ep01_1,seg00015,clips/chay-tron-thanh-xuan__ep01_1__seg00015.wav,chay-tron-thanh-xuan,4,anger,2,4,anger,-3.972,2.72,anger,-0.865,0.882
chay-tron-thanh-xuan/ep01_1,seg00016,clips/chay-tron-thanh-xuan__ep01_1__seg00016.wav,chay-tron-thanh-xuan,4,anger,2,2,anger,0.356,4.071,anger,-0.284,1.897
chay-tron-thanh-xuan/ep01_1,seg00089,clips/chay-tron-thanh-xuan__ep01_1__seg00089.wav,chay-tron-thanh-xuan,4,neutral,3,3,sadness,-4.013,5.272,joy,1.12,-3.294
chay-tron-thanh-xuan/ep01_1,seg00090,clips/chay-tron-thanh-xuan__ep01_1__seg00090.wav,chay-tron-thanh-xuan,4,anger,2,3,anger,-2.878,0.403,neutral,-0.332,-0.608
chay-tron-thanh-xuan/ep01_1,seg00019,clips/chay-tron-thanh-xuan__ep01_1__seg00019.wav,chay-tron-thanh-xuan,4,sadness,2,3,sadness,1.036,1.656,joy,2.006,-0.405
chay-tron-thanh-xuan/ep01_1,seg00020,clips/chay-tron-thanh-xuan__ep01_1__seg00020.wav,chay-tron-thanh-xuan,4,sadness,3,3,anger,-2.985,-0.609,anger,-0.044,-2.668
chay-tron-thanh-xuan/ep01_1,seg00021,clips/chay-tron-thanh-xuan__ep01_1__seg00021.wav,chay-tron-thanh-xuan,4,neutral,3,3,anger,0.015,0.834,neutral,1.88,0.145
chay-tron-thanh-xuan/ep01_1,seg00022,clips/chay-tron-thanh-xuan__ep01_1__seg00022.wav,chay-tron-thanh-xuan,4,anger,2,3,anger,-2.326,2.119,fear_anxiety,-4.238,3.935
chay-tron-thanh-xuan/ep01_1,seg00024,clips/chay-tron-thanh-xuan__ep01_1__seg00024.wav,chay-tron-thanh-xuan,4,anger,2,4,anger,-2.501,3.74,anger,-3.207,2.644
chay-tron-thanh-xuan/ep01_1,seg00025,clips/chay-tron-thanh-xuan__ep01_1__seg00025.wav,chay-tron-thanh-xuan,4,sadness,2,2,anger,1.542,2.101,sadness,-4.684,-2.162
chay-tron-thanh-xuan/ep01_1,seg00026,clips/chay-tron-thanh-xuan__ep01_1__seg00026.wav,chay-tron-thanh-xuan,4,sadness,1,2,anger,0.563,1.124,fear_anxiety,0.357,-3.528
chay-tron-thanh-xuan/ep01_1,seg00027,clips/chay-tron-thanh-xuan__ep01_1__seg00027.wav,chay-tron-thanh-xuan,4,sadness,2,2,anger,0.385,2.059,fear_anxiety,-1.341,2.114
chay-tron-thanh-xuan/ep01_1,seg00028,clips/chay-tron-thanh-xuan__ep01_1__seg00028.wav,chay-tron-thanh-xuan,4,anger,2,3,anger,0.161,1.81,anger,-4.896,0.248
chay-tron-thanh-xuan/ep01_1,seg00030,clips/chay-tron-thanh-xuan__ep01_1__seg00030.wav,chay-tron-thanh-xuan,4,anger,2,4,anger,-6.4,4.71,sadness,-6.258,1.964
chay-tron-thanh-xuan/ep01_1,seg00031,clips/chay-tron-thanh-xuan__ep01_1__seg00031.wav,chay-tron-thanh-xuan,4,sadness,3,3,sadness,-0.061,1.695,sadness,-3.043,-0.918
chay-tron-thanh-xuan/ep01_1,seg00032,clips/chay-tron-thanh-xuan__ep01_1__seg00032.wav,chay-tron-thanh-xuan,4,joy,4,4,joy,5.142,1.081,joy,7.976,-1.885
chay-tron-thanh-xuan/ep01_1,seg00033,clips/chay-tron-thanh-xuan__ep01_1__seg00033.wav,chay-tron-thanh-xuan,4,neutral,3,3,joy,4.519,3.023,joy,6.102,1.444
chay-tron-thanh-xuan/ep01_1,seg00034,clips/chay-tron-thanh-xuan__ep01_1__seg00034.wav,chay-tron-thanh-xuan,4,neutral,3,3,anger,-1.562,0.868,anger,-2.592,-1.782
chay-tron-thanh-xuan/ep01_1,seg00035,clips/chay-tron-thanh-xuan__ep01_1__seg00035.wav,chay-tron-thanh-xuan,4,neutral,3,3,anger,3.405,1.075,anger,0.904,0.714
chay-tron-thanh-xuan/ep01_1,seg00037,clips/chay-tron-thanh-xuan__ep01_1__seg00037.wav,chay-tron-thanh-xuan,4,neutral,3,3,joy,2.603,0.54,joy,2.028,0.058
chay-tron-thanh-xuan/ep01_1,seg00038,clips/chay-tron-thanh-xuan__ep01_1__seg00038.wav,chay-tron-thanh-xuan,4,neutral,3,4,joy,2.649,2.025,joy,2.29,0.367
chay-tron-thanh-xuan/ep01_1,seg00039,clips/chay-tron-thanh-xuan__ep01_1__seg00039.wav,chay-tron-thanh-xuan,4,neutral,3,3,anger,-0.01,3.971,anger,0.601,1.308
chay-tron-thanh-xuan/ep01_1,seg00043,clips/chay-tron-thanh-xuan__ep01_1__seg00043.wav,chay-tron-thanh-xuan,4,anger,2,4,anger,-1.128,1.846,joy,0.853,-0.649
chay-tron-thanh-xuan/ep01_1,seg00045,clips/chay-tron-thanh-xuan__ep01_1__seg00045.wav,chay-tron-thanh-xuan,4,neutral,3,3,anger,-0.905,1.049,sadness,-1.863,-1.87
chay-tron-thanh-xuan/ep01_1,seg00046,clips/chay-tron-thanh-xuan__ep01_1__seg00046.wav,chay-tron-thanh-xuan,4,joy,4,3,joy,1.731,-3.232,joy,0.528,-3.49
chay-tron-thanh-xuan/ep01_1,seg00047,clips/chay-tron-thanh-xuan__ep01_1__seg00047.wav,chay-tron-thanh-xuan,4,joy,4,3,joy,3.026,2.365,anger,1.458,2.355
chay-tron-thanh-xuan/ep01_1,seg00048,clips/chay-tron-thanh-xuan__ep01_1__seg00048.wav,chay-tron-thanh-xuan,4,neutral,3,2,neutral,-2.307,-0.148,neutral,-2.297,-1.014
chay-tron-thanh-xuan/ep01_1,seg00049,clips/chay-tron-thanh-xuan__ep01_1__seg00049.wav,chay-tron-thanh-xuan,4,neutral,3,2,joy,3.564,-1.871,sadness,0.254,-2.675
chay-tron-thanh-xuan/ep01_1,seg00050,clips/chay-tron-thanh-xuan__ep01_1__seg00050.wav,chay-tron-thanh-xuan,4,neutral,4,3,joy,4.171,-3.325,anger,3.023,-2.408
chay-tron-thanh-xuan/ep01_1,seg00051,clips/chay-tron-thanh-xuan__ep01_1__seg00051.wav,chay-tron-thanh-xuan,4,neutral,3,3,neutral,0.716,-1.141,anger,-1.721,-2.559
chay-tron-thanh-xuan/ep01_1,seg00092,clips/chay-tron-thanh-xuan__ep01_1__seg00092.wav,chay-tron-thanh-xuan,4,anger,3,3,anger,-1.065,4.267,anger,-0.644,-1.544
chay-tron-thanh-xuan/ep01_1,seg00053,clips/chay-tron-thanh-xuan__ep01_1__seg00053.wav,chay-tron-thanh-xuan,4,anger,3,4,anger,1.5,3.386,anger,-0.052,-0.465
chay-tron-thanh-xuan/ep01_1,seg00054,clips/chay-tron-thanh-xuan__ep01_1__seg00054.wav,chay-tron-thanh-xuan,4,anger,2,3,joy,0.334,2.357,joy,1.664,-0.349
chay-tron-thanh-xuan/ep01_1,seg00055,clips/chay-tron-thanh-xuan__ep01_1__seg00055.wav,chay-tron-thanh-xuan,4,neutral,3,3,neutral,-0.361,2.067,neutral,-0.499,-3.507
chay-tron-thanh-xuan/ep01_1,seg00057,clips/chay-tron-thanh-xuan__ep01_1__seg00057.wav,chay-tron-thanh-xuan,4,anger,2,4,anger,-0.755,4.631,anger,-0.924,0.667
chay-tron-thanh-xuan/ep01_1,seg00058,clips/chay-tron-thanh-xuan__ep01_1__seg00058.wav,chay-tron-thanh-xuan,4,anger,2,4,joy,2.722,2.395,anger,3.588,-1.137
chay-tron-thanh-xuan/ep01_1,seg00059,clips/chay-tron-thanh-xuan__ep01_1__seg00059.wav,chay-tron-thanh-xuan,4,anger,2,4,anger,2.412,2.591,anger,1.435,-1.225
chay-tron-thanh-xuan/ep01_1,seg00060,clips/chay-tron-thanh-xuan__ep01_1__seg00060.wav,chay-tron-thanh-xuan,4,anger,2,4,fear_anxiety,-2.072,3.373,joy,3.169,2.939
chay-tron-thanh-xuan/ep01_1,seg00061,clips/chay-tron-thanh-xuan__ep01_1__seg00061.wav,chay-tron-thanh-xuan,4,anger,2,3,fear_anxiety,-1.604,3.918,sadness,1.309,2.506
chay-tron-thanh-xuan/ep01_1,seg00093,clips/chay-tron-thanh-xuan__ep01_1__seg00093.wav,chay-tron-thanh-xuan,4,anger,2,4,joy,-1.165,4.686,anger,3.422,1.057
chay-tron-thanh-xuan/ep01_1,seg00094,clips/chay-tron-thanh-xuan__ep01_1__seg00094.wav,chay-tron-thanh-xuan,4,neutral,2,4,joy,-3.213,1.067,joy,2.138,-0.858
chay-tron-thanh-xuan/ep01_1,seg00063,clips/chay-tron-thanh-xuan__ep01_1__seg00063.wav,chay-tron-thanh-xuan,4,neutral,3,4,anger,-5.891,6.589,anger,-2.956,7.194
chay-tron-thanh-xuan/ep01_1,seg00064,clips/chay-tron-thanh-xuan__ep01_1__seg00064.wav,chay-tron-thanh-xuan,4,anger,2,4,fear_anxiety,-1.236,4.247,anger,-0.639,5.569
chay-tron-thanh-xuan/ep01_1,seg00065,clips/chay-tron-thanh-xuan__ep01_1__seg00065.wav,chay-tron-thanh-xuan,4,anger,2,4,anger,-0.667,4.639,anger,-0.512,4.87
chay-tron-thanh-xuan/ep01_1,seg00095,clips/chay-tron-thanh-xuan__ep01_1__seg00095.wav,chay-tron-thanh-xuan,4,neutral,3,2,joy,1.252,-1.016,fear_anxiety,0.707,-3.225
chay-tron-thanh-xuan/ep01_1,seg00096,clips/chay-tron-thanh-xuan__ep01_1__seg00096.wav,chay-tron-thanh-xuan,4,neutral,3,4,anger,-0.419,3.247,sadness,-1.368,-1.853
chay-tron-thanh-xuan/ep01_1,seg00067,clips/chay-tron-thanh-xuan__ep01_1__seg00067.wav,chay-tron-thanh-xuan,4,joy,3,3,joy,4.584,-1.918,neutral,2.632,-2.903
chay-tron-thanh-xuan/ep01_1,seg00068,clips/chay-tron-thanh-xuan__ep01_1__seg00068.wav,chay-tron-thanh-xuan,4,neutral,3,2,joy,2.063,1.54,anger,0.177,-1.57
chay-tron-thanh-xuan/ep01_1,seg00069,clips/chay-tron-thanh-xuan__ep01_1__seg00069.wav,chay-tron-thanh-xuan,4,neutral,3,3,neutral,1.497,-0.468,neutral,-1.274,-1.76
chay-tron-thanh-xuan/ep01_1,seg00070,clips/chay-tron-thanh-xuan__ep01_1__seg00070.wav,chay-tron-thanh-xuan,4,anger,1,5,anger,-5.073,4.261,joy,1.927,-1.796
chay-tron-thanh-xuan/ep01_1,seg00071,clips/chay-tron-thanh-xuan__ep01_1__seg00071.wav,chay-tron-thanh-xuan,4,anger,2,4,anger,-3.895,3.671,anger,-1.369,4.957
chay-tron-thanh-xuan/ep01_1,seg00073,clips/chay-tron-thanh-xuan__ep01_1__seg00073.wav,chay-tron-thanh-xuan,4,anger,2,3,anger,-3.774,5.242,anger,-2.022,7.23
chay-tron-thanh-xuan/ep01_1,seg00074,clips/chay-tron-thanh-xuan__ep01_1__seg00074.wav,chay-tron-thanh-xuan,4,anger,1,5,anger,-1.509,7.013,joy,1.468,4.862
chay-tron-thanh-xuan/ep01_1,seg00081,clips/chay-tron-thanh-xuan__ep01_1__seg00081.wav,chay-tron-thanh-xuan,4,anger,2,4,joy,0.036,4.921,joy,0.768,2.73
chay-tron-thanh-xuan/ep01_1,seg00082,clips/chay-tron-thanh-xuan__ep01_1__seg00082.wav,chay-tron-thanh-xuan,4,anger,2,4,anger,-2.124,4.646,anger,-0.4,3.45
chay-tron-thanh-xuan/ep01_2,seg00073,clips/chay-tron-thanh-xuan__ep01_2__seg00073.wav,chay-tron-thanh-xuan,1,neutral,3,3,neutral,2.091,0.101,neutral,0.534,-0.795
chay-tron-thanh-xuan/ep01_2,seg00074,clips/chay-tron-thanh-xuan__ep01_2__seg00074.wav,chay-tron-thanh-xuan,1,neutral,4,3,fear_anxiety,2.477,-2.926,neutral,2.774,-3.707
chay-tron-thanh-xuan/ep01_2,seg00006,clips/chay-tron-thanh-xuan__ep01_2__seg00006.wav,chay-tron-thanh-xuan,1,joy,4,3,joy,1.515,3.271,neutral,2.255,-1.011
chay-tron-thanh-xuan/ep01_2,seg00008,clips/chay-tron-thanh-xuan__ep01_2__seg00008.wav,chay-tron-thanh-xuan,1,joy,4,3,neutral,-0.178,1.499,fear_anxiety,-1.659,0.803
chay-tron-thanh-xuan/ep01_2,seg00009,clips/chay-tron-thanh-xuan__ep01_2__seg00009.wav,chay-tron-thanh-xuan,1,joy,4,3,joy,3.731,0.31,joy,0.727,-1.551
chay-tron-thanh-xuan/ep01_2,seg00010,clips/chay-tron-thanh-xuan__ep01_2__seg00010.wav,chay-tron-thanh-xuan,1,joy,3,3,joy,4.781,-0.734,neutral,4.889,-2.009
chay-tron-thanh-xuan/ep01_2,seg00011,clips/chay-tron-thanh-xuan__ep01_2__seg00011.wav,chay-tron-thanh-xuan,1,joy,3,3,joy,0.856,2.348,joy,-1.0,-0.927
chay-tron-thanh-xuan/ep01_2,seg00012,clips/chay-tron-thanh-xuan__ep01_2__seg00012.wav,chay-tron-thanh-xuan,1,neutral,3,3,neutral,1.905,-0.845,neutral,3.786,-3.01
chay-tron-thanh-xuan/ep01_2,seg00013,clips/chay-tron-thanh-xuan__ep01_2__seg00013.wav,chay-tron-thanh-xuan,1,neutral,3,3,neutral,2.222,-2.361,neutral,2.29,-1.034
chay-tron-thanh-xuan/ep01_2,seg00016,clips/chay-tron-thanh-xuan__ep01_2__seg00016.wav,chay-tron-thanh-xuan,1,anger,2,3,anger,-1.712,2.5,sadness,0.453,1.56
chay-tron-thanh-xuan/ep01_2,seg00017,clips/chay-tron-thanh-xuan__ep01_2__seg00017.wav,chay-tron-thanh-xuan,1,sadness,4,2,sadness,2.41,-2.69,joy,3.632,-5.995
chay-tron-thanh-xuan/ep01_2,seg00019,clips/chay-tron-thanh-xuan__ep01_2__seg00019.wav,chay-tron-thanh-xuan,1,joy,4,3,joy,2.072,1.691,joy,1.652,-0.982
chay-tron-thanh-xuan/ep01_2,seg00020,clips/chay-tron-thanh-xuan__ep01_2__seg00020.wav,chay-tron-thanh-xuan,1,joy,4,3,joy,4.22,2.097,anger,1.384,1.094
chay-tron-thanh-xuan/ep01_2,seg00021,clips/chay-tron-thanh-xuan__ep01_2__seg00021.wav,chay-tron-thanh-xuan,1,joy,3,2,neutral,3.673,0.346,neutral,1.555,0.467
chay-tron-thanh-xuan/ep01_2,seg00023,clips/chay-tron-thanh-xuan__ep01_2__seg00023.wav,chay-tron-thanh-xuan,1,fear_anxiety,3,3,neutral,2.275,-2.639,neutral,0.571,-2.633
chay-tron-thanh-xuan/ep01_2,seg00025,clips/chay-tron-thanh-xuan__ep01_2__seg00025.wav,chay-tron-thanh-xuan,1,joy,4,3,joy,3.724,4.005,joy,2.488,0.459
chay-tron-thanh-xuan/ep01_2,seg00026,clips/chay-tron-thanh-xuan__ep01_2__seg00026.wav,chay-tron-thanh-xuan,1,joy,4,3,joy,6.62,-0.153,anger,1.808,1.835
chay-tron-thanh-xuan/ep01_2,seg00027,clips/chay-tron-thanh-xuan__ep01_2__seg00027.wav,chay-tron-thanh-xuan,1,joy,4,2,neutral,1.001,0.776,anger,0.386,-1.941
chay-tron-thanh-xuan/ep01_2,seg00028,clips/chay-tron-thanh-xuan__ep01_2__seg00028.wav,chay-tron-thanh-xuan,1,joy,4,3,neutral,3.214,-1.095,fear_anxiety,0.666,-2.74
chay-tron-thanh-xuan/ep01_2,seg00029,clips/chay-tron-thanh-xuan__ep01_2__seg00029.wav,chay-tron-thanh-xuan,1,joy,4,2,joy,-1.585,0.872,anger,-0.147,-1.284
chay-tron-thanh-xuan/ep01_2,seg00032,clips/chay-tron-thanh-xuan__ep01_2__seg00032.wav,chay-tron-thanh-xuan,1,neutral,3,4,fear_anxiety,-0.39,1.453,anger,-1.828,-2.088
chay-tron-thanh-xuan/ep01_2,seg00033,clips/chay-tron-thanh-xuan__ep01_2__seg00033.wav,chay-tron-thanh-xuan,1,joy,4,3,anger,0.763,4.289,anger,-4.968,4.816
chay-tron-thanh-xuan/ep01_2,seg00034,clips/chay-tron-thanh-xuan__ep01_2__seg00034.wav,chay-tron-thanh-xuan,1,joy,4,3,joy,2.521,1.766,anger,-1.312,-1.005
chay-tron-thanh-xuan/ep01_2,seg00035,clips/chay-tron-thanh-xuan__ep01_2__seg00035.wav,chay-tron-thanh-xuan,1,joy,4,3,fear_anxiety,0.704,1.512,joy,1.773,0.605
chay-tron-thanh-xuan/ep01_2,seg00036,clips/chay-tron-thanh-xuan__ep01_2__seg00036.wav,chay-tron-thanh-xuan,1,neutral,3,3,fear_anxiety,1.914,-0.107,joy,1.271,1.061
chay-tron-thanh-xuan/ep01_2,seg00037,clips/chay-tron-thanh-xuan__ep01_2__seg00037.wav,chay-tron-thanh-xuan,1,joy,4,3,neutral,1.827,0.026,neutral,0.09,0.002
chay-tron-thanh-xuan/ep01_2,seg00040,clips/chay-tron-thanh-xuan__ep01_2__seg00040.wav,chay-tron-thanh-xuan,1,neutral,4,4,anger,0.908,2.438,anger,-1.657,0.107
chay-tron-thanh-xuan/ep01_2,seg00042,clips/chay-tron-thanh-xuan__ep01_2__seg00042.wav,chay-tron-thanh-xuan,1,neutral,3,3,fear_anxiety,1.7,-1.817,fear_anxiety,1.158,-1.072
chay-tron-thanh-xuan/ep01_2,seg00045,clips/chay-tron-thanh-xuan__ep01_2__seg00045.wav,chay-tron-thanh-xuan,1,fear_anxiety,2,2,joy,3.586,-0.204,joy,3.271,-0.994
chay-tron-thanh-xuan/ep01_2,seg00051,clips/chay-tron-thanh-xuan__ep01_2__seg00051.wav,chay-tron-thanh-xuan,1,joy,2,3,sadness,1.523,-0.693,joy,2.583,-3.518
chay-tron-thanh-xuan/ep01_2,seg00053,clips/chay-tron-thanh-xuan__ep01_2__seg00053.wav,chay-tron-thanh-xuan,1,anger,3,3,neutral,-0.915,-1.286,neutral,-2.041,-1.883
chay-tron-thanh-xuan/ep01_2,seg00054,clips/chay-tron-thanh-xuan__ep01_2__seg00054.wav,chay-tron-thanh-xuan,1,anger,2,4,anger,-0.592,2.091,anger,-2.001,-1.037
chay-tron-thanh-xuan/ep01_2,seg00056,clips/chay-tron-thanh-xuan__ep01_2__seg00056.wav,chay-tron-thanh-xuan,1,neutral,3,2,joy,3.722,1.571,neutral,0.414,-0.626
chay-tron-thanh-xuan/ep01_2,seg00057,clips/chay-tron-thanh-xuan__ep01_2__seg00057.wav,chay-tron-thanh-xuan,1,neutral,3,2,neutral,1.508,-2.805,neutral,-0.581,-2.114
chay-tron-thanh-xuan/ep01_2,seg00058,clips/chay-tron-thanh-xuan__ep01_2__seg00058.wav,chay-tron-thanh-xuan,1,neutral,4,2,neutral,0.703,-1.65,sadness,1.838,0.657
chay-tron-thanh-xuan/ep01_2,seg00059,clips/chay-tron-thanh-xuan__ep01_2__seg00059.wav,chay-tron-thanh-xuan,1,anger,2,3,neutral,-1.275,-2.652,sadness,0.333,0.404
chay-tron-thanh-xuan/ep01_2,seg00060,clips/chay-tron-thanh-xuan__ep01_2__seg00060.wav,chay-tron-thanh-xuan,1,sadness,2,2,fear_anxiety,0.599,-0.776,fear_anxiety,0.24,-0.491
chay-tron-thanh-xuan/ep01_2,seg00063,clips/chay-tron-thanh-xuan__ep01_2__seg00063.wav,chay-tron-thanh-xuan,1,sadness,2,4,sadness,-2.287,1.752,joy,2.493,0.9
chay-tron-thanh-xuan/ep01_2,seg00064,clips/chay-tron-thanh-xuan__ep01_2__seg00064.wav,chay-tron-thanh-xuan,1,sadness,2,4,anger,-0.013,2.646,fear_anxiety,1.669,2.988
chay-tron-thanh-xuan/ep01_2,seg00065,clips/chay-tron-thanh-xuan__ep01_2__seg00065.wav,chay-tron-thanh-xuan,1,joy,3,3,neutral,2.942,-0.617,neutral,-0.492,-1.999
chay-tron-thanh-xuan/ep01_2,seg00067,clips/chay-tron-thanh-xuan__ep01_2__seg00067.wav,chay-tron-thanh-xuan,1,joy,2,3,fear_anxiety,2.574,1.402,neutral,4.087,0.987
chay-tron-thanh-xuan/ep01_2,seg00068,clips/chay-tron-thanh-xuan__ep01_2__seg00068.wav,chay-tron-thanh-xuan,1,joy,2,3,sadness,1.084,-1.513,sadness,0.332,-5.653
chay-tron-thanh-xuan/ep01_2,seg00069,clips/chay-tron-thanh-xuan__ep01_2__seg00069.wav,chay-tron-thanh-xuan,1,anger,2,3,fear_anxiety,-1.55,1.89,fear_anxiety,1.767,2.868
chay-tron-thanh-xuan/ep01_2,seg00070,clips/chay-tron-thanh-xuan__ep01_2__seg00070.wav,chay-tron-thanh-xuan,1,neutral,2,3,joy,0.446,-0.188,sadness,0.105,-2.107
chay-tron-thanh-xuan/ep01_3,seg00002,clips/chay-tron-thanh-xuan__ep01_3__seg00002.wav,chay-tron-thanh-xuan,2,anger,2,4,anger,-2.547,1.987,fear_anxiety,-4.538,0.913
chay-tron-thanh-xuan/ep01_3,seg00004,clips/chay-tron-thanh-xuan__ep01_3__seg00004.wav,chay-tron-thanh-xuan,2,anger,1,5,anger,-2.988,4.635,anger,0.376,1.589
ve-nha-di-con/ep02,seg00039,clips/ve-nha-di-con__ep02__seg00039.wav,ve-nha-di-con,3,neutral,3,3,fear_anxiety,-1.619,-0.26,neutral,-1.999,-0.016
ve-nha-di-con/ep02,seg00040,clips/ve-nha-di-con__ep02__seg00040.wav,ve-nha-di-con,3,neutral,3,3,neutral,0.951,-0.123,neutral,0.792,1.661
ve-nha-di-con/ep02,seg00044,clips/ve-nha-di-con__ep02__seg00044.wav,ve-nha-di-con,3,anger,2,4,fear_anxiety,-1.191,4.092,fear_anxiety,0.705,4.645
ve-nha-di-con/ep02,seg00045,clips/ve-nha-di-con__ep02__seg00045.wav,ve-nha-di-con,3,joy,4,4,fear_anxiety,3.562,2.831,joy,3.028,2.95
ve-nha-di-con/ep02,seg00046,clips/ve-nha-di-con__ep02__seg00046.wav,ve-nha-di-con,3,neutral,3,3,neutral,5.705,-2.541,neutral,6.065,-2.171
ve-nha-di-con/ep02,seg00047,clips/ve-nha-di-con__ep02__seg00047.wav,ve-nha-di-con,3,neutral,4,3,neutral,-0.976,-0.754,neutral,-0.745,-2.666
ve-nha-di-con/ep02,seg00050,clips/ve-nha-di-con__ep02__seg00050.wav,ve-nha-di-con,3,neutral,4,3,fear_anxiety,-0.534,-0.264,fear_anxiety,-1.339,0.655
ve-nha-di-con/ep02,seg00167,clips/ve-nha-di-con__ep02__seg00167.wav,ve-nha-di-con,3,fear_anxiety,3,2,neutral,1.625,-2.123,neutral,1.95,-1.05
ve-nha-di-con/ep02,seg00168,clips/ve-nha-di-con__ep02__seg00168.wav,ve-nha-di-con,3,joy,4,3,fear_anxiety,3.369,7.361,anger,-0.476,5.342
ve-nha-di-con/ep02,seg00170,clips/ve-nha-di-con__ep02__seg00170.wav,ve-nha-di-con,3,joy,4,3,anger,2.449,0.756,anger,1.31,-0.27
ve-nha-di-con/ep02,seg00054,clips/ve-nha-di-con__ep02__seg00054.wav,ve-nha-di-con,3,neutral,3,3,neutral,0.534,-2.815,joy,1.372,-3.421
ve-nha-di-con/ep02,seg00055,clips/ve-nha-di-con__ep02__seg00055.wav,ve-nha-di-con,3,joy,4,3,anger,-0.784,1.232,anger,-0.037,2.947
ve-nha-di-con/ep02,seg00056,clips/ve-nha-di-con__ep02__seg00056.wav,ve-nha-di-con,3,joy,4,4,joy,3.229,1.08,joy,3.477,3.322
ve-nha-di-con/ep02,seg00057,clips/ve-nha-di-con__ep02__seg00057.wav,ve-nha-di-con,3,joy,4,4,joy,8.883,-0.275,joy,7.303,0.074
ve-nha-di-con/ep02,seg00058,clips/ve-nha-di-con__ep02__seg00058.wav,ve-nha-di-con,3,sadness,2,4,sadness,-3.29,-1.024,anger,-4.226,-0.641
ve-nha-di-con/ep02,seg00059,clips/ve-nha-di-con__ep02__seg00059.wav,ve-nha-di-con,3,neutral,3,3,sadness,2.058,-1.637,anger,2.461,-1.567
ve-nha-di-con/ep02,seg00171,clips/ve-nha-di-con__ep02__seg00171.wav,ve-nha-di-con,3,joy,4,4,joy,7.966,2.48,joy,6.356,2.126
ve-nha-di-con/ep02,seg00172,clips/ve-nha-di-con__ep02__seg00172.wav,ve-nha-di-con,3,joy,4,3,joy,-0.382,2.615,joy,-1.002,3.701
ve-nha-di-con/ep02,seg00173,clips/ve-nha-di-con__ep02__seg00173.wav,ve-nha-di-con,3,neutral,3,3,neutral,-1.416,0.153,neutral,0.052,-1.325
ve-nha-di-con/ep02,seg00061,clips/ve-nha-di-con__ep02__seg00061.wav,ve-nha-di-con,3,neutral,3,3,fear_anxiety,0.53,4.027,fear_anxiety,0.371,3.916
ve-nha-di-con/ep02,seg00062,clips/ve-nha-di-con__ep02__seg00062.wav,ve-nha-di-con,3,neutral,3,3,neutral,0.707,-0.514,neutral,2.073,-0.657
ve-nha-di-con/ep02,seg00063,clips/ve-nha-di-con__ep02__seg00063.wav,ve-nha-di-con,3,joy,4,3,anger,-1.507,2.157,anger,-0.189,2.512
ve-nha-di-con/ep02,seg00064,clips/ve-nha-di-con__ep02__seg00064.wav,ve-nha-di-con,3,fear_anxiety,3,4,fear_anxiety,-0.584,2.887,fear_anxiety,-0.243,2.961
ve-nha-di-con/ep02,seg00065,clips/ve-nha-di-con__ep02__seg00065.wav,ve-nha-di-con,3,neutral,3,3,neutral,1.434,-1.906,neutral,2.828,-1.427
ve-nha-di-con/ep02,seg00066,clips/ve-nha-di-con__ep02__seg00066.wav,ve-nha-di-con,3,joy,4,4,sadness,5.998,3.44,joy,7.015,3.917
ve-nha-di-con/ep02,seg00067,clips/ve-nha-di-con__ep02__seg00067.wav,ve-nha-di-con,3,joy,4,4,joy,3.464,1.33,joy,2.339,4.742
ve-nha-di-con/ep02,seg00068,clips/ve-nha-di-con__ep02__seg00068.wav,ve-nha-di-con,3,joy,3,3,sadness,1.026,-1.958,neutral,-0.197,-1.864
ve-nha-di-con/ep02,seg00069,clips/ve-nha-di-con__ep02__seg00069.wav,ve-nha-di-con,3,sadness,2,2,sadness,-3.071,-3.354,neutral,-4.441,-3.722
ve-nha-di-con/ep02,seg00174,clips/ve-nha-di-con__ep02__seg00174.wav,ve-nha-di-con,3,neutral,4,2,neutral,0.007,-1.619,neutral,0.088,-1.48
ve-nha-di-con/ep02,seg00175,clips/ve-nha-di-con__ep02__seg00175.wav,ve-nha-di-con,3,joy,4,4,joy,2.136,2.508,joy,2.22,1.561
ve-nha-di-con/ep02,seg00072,clips/ve-nha-di-con__ep02__seg00072.wav,ve-nha-di-con,3,anger,2,3,anger,-3.539,5.009,anger,-3.491,3.826
ve-nha-di-con/ep02,seg00071,clips/ve-nha-di-con__ep02__seg00071.wav,ve-nha-di-con,3,neutral,3,3,fear_anxiety,0.066,1.232,fear_anxiety,0.601,2.463
ve-nha-di-con/ep02,seg00073,clips/ve-nha-di-con__ep02__seg00073.wav,ve-nha-di-con,3,anger,3,4,anger,-1.685,0.162,anger,1.65,-0.189
ve-nha-di-con/ep02,seg00074,clips/ve-nha-di-con__ep02__seg00074.wav,ve-nha-di-con,3,anger,3,3,anger,-2.978,3.043,anger,-2.539,2.833
ve-nha-di-con/ep02,seg00078,clips/ve-nha-di-con__ep02__seg00078.wav,ve-nha-di-con,3,fear_anxiety,3,2,neutral,2.073,-0.099,neutral,1.465,-0.338
ve-nha-di-con/ep02,seg00176,clips/ve-nha-di-con__ep02__seg00176.wav,ve-nha-di-con,3,fear_anxiety,2,3,fear_anxiety,1.922,-2.18,fear_anxiety,2.578,-1.249
ve-nha-di-con/ep02,seg00177,clips/ve-nha-di-con__ep02__seg00177.wav,ve-nha-di-con,3,neutral,4,3,anger,1.94,-1.151,joy,1.2,0.828
ve-nha-di-con/ep02,seg00080,clips/ve-nha-di-con__ep02__seg00080.wav,ve-nha-di-con,3,fear_anxiety,3,4,joy,1.234,0.164,joy,0.713,0.672
ve-nha-di-con/ep02,seg00081,clips/ve-nha-di-con__ep02__seg00081.wav,ve-nha-di-con,3,joy,3,3,joy,1.049,0.183,joy,0.294,-1.689
ve-nha-di-con/ep02,seg00083,clips/ve-nha-di-con__ep02__seg00083.wav,ve-nha-di-con,3,joy,4,4,joy,2.716,0.869,joy,2.39,1.091
ve-nha-di-con/ep02,seg00085,clips/ve-nha-di-con__ep02__seg00085.wav,ve-nha-di-con,3,neutral,2,3,fear_anxiety,-0.77,0.918,anger,-0.592,1.727
ve-nha-di-con/ep02,seg00087,clips/ve-nha-di-con__ep02__seg00087.wav,ve-nha-di-con,3,fear_anxiety,4,3,joy,3.154,-0.23,joy,3.692,-0.185
ve-nha-di-con/ep02,seg00088,clips/ve-nha-di-con__ep02__seg00088.wav,ve-nha-di-con,3,neutral,3,4,anger,-0.8,-0.457,neutral,1.186,-0.295
ve-nha-di-con/ep02,seg00089,clips/ve-nha-di-con__ep02__seg00089.wav,ve-nha-di-con,3,neutral,3,4,anger,3.146,-0.607,anger,1.391,1.234
ve-nha-di-con/ep02,seg00090,clips/ve-nha-di-con__ep02__seg00090.wav,ve-nha-di-con,3,anger,2,4,joy,1.568,1.745,joy,2.336,0.641
ve-nha-di-con/ep02,seg00091,clips/ve-nha-di-con__ep02__seg00091.wav,ve-nha-di-con,3,joy,4,4,joy,5.055,1.135,joy,5.198,1.249
ve-nha-di-con/ep02,seg00092,clips/ve-nha-di-con__ep02__seg00092.wav,ve-nha-di-con,3,neutral,3,4,joy,2.671,1.961,joy,3.295,2.774
ve-nha-di-con/ep02,seg00094,clips/ve-nha-di-con__ep02__seg00094.wav,ve-nha-di-con,3,anger,2,4,anger,-2.06,2.78,anger,-3.395,1.834
ve-nha-di-con/ep02,seg00095,clips/ve-nha-di-con__ep02__seg00095.wav,ve-nha-di-con,3,anger,1,4,anger,0.39,0.62,anger,1.709,0.069
ve-nha-di-con/ep02,seg00096,clips/ve-nha-di-con__ep02__seg00096.wav,ve-nha-di-con,3,anger,2,4,anger,1.242,2.278,anger,0.48,1.299
ve-nha-di-con/ep02,seg00084,clips/ve-nha-di-con__ep02__seg00084.wav,ve-nha-di-con,3,neutral,4,3,joy,4.231,1.144,joy,3.661,2.105
ve-nha-di-con/ep02,seg00098,clips/ve-nha-di-con__ep02__seg00098.wav,ve-nha-di-con,3,anger,2,3,neutral,0.1,0.504,fear_anxiety,0.675,-1.656
ve-nha-di-con/ep02,seg00099,clips/ve-nha-di-con__ep02__seg00099.wav,ve-nha-di-con,3,fear_anxiety,4,4,joy,-0.747,3.791,sadness,-0.448,3.664
ve-nha-di-con/ep02,seg00100,clips/ve-nha-di-con__ep02__seg00100.wav,ve-nha-di-con,3,fear_anxiety,2,2,sadness,-3.686,2.729,anger,-4.226,3.819
ve-nha-di-con/ep02,seg00101,clips/ve-nha-di-con__ep02__seg00101.wav,ve-nha-di-con,3,neutral,3,3,sadness,-0.764,0.52,sadness,-1.68,-0.453
ve-nha-di-con/ep02,seg00103,clips/ve-nha-di-con__ep02__seg00103.wav,ve-nha-di-con,3,anger,2,3,anger,-3.021,1.219,anger,-1.507,0.854
ve-nha-di-con/ep02,seg00102,clips/ve-nha-di-con__ep02__seg00102.wav,ve-nha-di-con,3,anger,3,3,sadness,0.043,1.512,anger,-1.767,1.148
ve-nha-di-con/ep02,seg00105,clips/ve-nha-di-con__ep02__seg00105.wav,ve-nha-di-con,3,neutral,3,3,neutral,1.536,-2.589,neutral,0.056,-2.471
ve-nha-di-con/ep02,seg00107,clips/ve-nha-di-con__ep02__seg00107.wav,ve-nha-di-con,3,sadness,3,3,neutral,2.823,-3.631,neutral,3.233,-3.121
ve-nha-di-con/ep02,seg00108,clips/ve-nha-di-con__ep02__seg00108.wav,ve-nha-di-con,3,neutral,4,3,sadness,-0.858,2.206,fear_anxiety,-1.572,2.571
ve-nha-di-con/ep02,seg00109,clips/ve-nha-di-con__ep02__seg00109.wav,ve-nha-di-con,3,anger,4,4,neutral,0.506,-1.314,neutral,-1.06,-2.034
ve-nha-di-con/ep02,seg00110,clips/ve-nha-di-con__ep02__seg00110.wav,ve-nha-di-con,3,joy,4,2,neutral,1.783,-1.768,neutral,2.797,0.242
ve-nha-di-con/ep02,seg00111,clips/ve-nha-di-con__ep02__seg00111.wav,ve-nha-di-con,3,joy,4,2,fear_anxiety,-2.302,1.738,anger,-2.638,2.985
ve-nha-di-con/ep02,seg00116,clips/ve-nha-di-con__ep02__seg00116.wav,ve-nha-di-con,3,neutral,4,3,neutral,1.708,-2.782,neutral,1.631,-2.69
ve-nha-di-con/ep02,seg00178,clips/ve-nha-di-con__ep02__seg00178.wav,ve-nha-di-con,3,fear_anxiety,2,5,anger,1.786,2.284,anger,2.009,2.284
ve-nha-di-con/ep03,seg00000,clips/ve-nha-di-con__ep03__seg00000.wav,ve-nha-di-con,0,anger,2,4,fear_anxiety,-1.629,5.842,fear_anxiety,-0.764,5.433
ve-nha-di-con/ep03,seg00160,clips/ve-nha-di-con__ep03__seg00160.wav,ve-nha-di-con,0,neutral,3,2,neutral,3.658,-5.361,neutral,3.496,-4.762
ve-nha-di-con/ep03,seg00161,clips/ve-nha-di-con__ep03__seg00161.wav,ve-nha-di-con,0,neutral,3,2,neutral,3.128,-3.045,fear_anxiety,3.571,-1.671
ve-nha-di-con/ep03,seg00002,clips/ve-nha-di-con__ep03__seg00002.wav,ve-nha-di-con,0,neutral,3,3,fear_anxiety,-0.771,-0.281,fear_anxiety,-1.319,-1.457
ve-nha-di-con/ep03,seg00004,clips/ve-nha-di-con__ep03__seg00004.wav,ve-nha-di-con,0,neutral,3,2,neutral,2.827,-5.57,neutral,4.075,-5.14
ve-nha-di-con/ep03,seg00005,clips/ve-nha-di-con__ep03__seg00005.wav,ve-nha-di-con,0,sadness,2,3,fear_anxiety,-0.75,-3.142,neutral,-0.421,-2.989
ve-nha-di-con/ep03,seg00006,clips/ve-nha-di-con__ep03__seg00006.wav,ve-nha-di-con,0,neutral,3,2,neutral,2.92,-3.352,neutral,2.218,-3.842
ve-nha-di-con/ep03,seg00007,clips/ve-nha-di-con__ep03__seg00007.wav,ve-nha-di-con,0,neutral,2,3,sadness,4.198,-1.69,sadness,2.743,-1.184
ve-nha-di-con/ep03,seg00009,clips/ve-nha-di-con__ep03__seg00009.wav,ve-nha-di-con,0,fear_anxiety,2,4,sadness,-2.536,2.812,sadness,-2.568,3.035
ve-nha-di-con/ep03,seg00010,clips/ve-nha-di-con__ep03__seg00010.wav,ve-nha-di-con,0,fear_anxiety,3,4,joy,4.338,4.131,joy,2.433,3.843
ve-nha-di-con/ep03,seg00012,clips/ve-nha-di-con__ep03__seg00012.wav,ve-nha-di-con,0,neutral,3,3,sadness,-0.764,4.04,anger,-1.549,4.059
ve-nha-di-con/ep03,seg00013,clips/ve-nha-di-con__ep03__seg00013.wav,ve-nha-di-con,0,neutral,3,3,neutral,4.797,-1.77,neutral,3.771,-1.374
ve-nha-di-con/ep03,seg00014,clips/ve-nha-di-con__ep03__seg00014.wav,ve-nha-di-con,0,neutral,3,3,neutral,2.575,3.349,neutral,2.179,3.61
ve-nha-di-con/ep03,seg00015,clips/ve-nha-di-con__ep03__seg00015.wav,ve-nha-di-con,0,neutral,2,2,joy,-1.685,3.197,joy,-1.858,3.224
ve-nha-di-con/ep03,seg00017,clips/ve-nha-di-con__ep03__seg00017.wav,ve-nha-di-con,0,neutral,3,2,fear_anxiety,-1.242,-1.771,fear_anxiety,-1.3,-1.831
ve-nha-di-con/ep03,seg00019,clips/ve-nha-di-con__ep03__seg00019.wav,ve-nha-di-con,0,anger,2,2,joy,-1.129,2.143,joy,-0.847,1.231
ve-nha-di-con/ep03,seg00020,clips/ve-nha-di-con__ep03__seg00020.wav,ve-nha-di-con,0,fear_anxiety,2,3,anger,-4.583,1.805,anger,-5.07,1.541
chay-tron-thanh-xuan/ep01_3,seg00066,clips/chay-tron-thanh-xuan__ep01_3__seg00066.wav,chay-tron-thanh-xuan,2,anger,1,5,fear_anxiety,-5.126,3.025,fear_anxiety,-6.173,2.113
chay-tron-thanh-xuan/ep01_3,seg00067,clips/chay-tron-thanh-xuan__ep01_3__seg00067.wav,chay-tron-thanh-xuan,2,anger,2,4,joy,-0.538,-0.514,anger,-4.322,-3.317
chay-tron-thanh-xuan/ep01_3,seg00068,clips/chay-tron-thanh-xuan__ep01_3__seg00068.wav,chay-tron-thanh-xuan,2,anger,2,5,sadness,1.495,3.373,sadness,-1.792,1.984
chay-tron-thanh-xuan/ep01_3,seg00008,clips/chay-tron-thanh-xuan__ep01_3__seg00008.wav,chay-tron-thanh-xuan,2,sadness,1,4,joy,-0.187,2.884,sadness,-0.646,1.713
chay-tron-thanh-xuan/ep01_3,seg00009,clips/chay-tron-thanh-xuan__ep01_3__seg00009.wav,chay-tron-thanh-xuan,2,sadness,1,5,joy,0.095,6.05,joy,-0.821,5.617
chay-tron-thanh-xuan/ep01_3,seg00011,clips/chay-tron-thanh-xuan__ep01_3__seg00011.wav,chay-tron-thanh-xuan,2,joy,4,2,joy,2.685,1.232,joy,2.961,-0.043
chay-tron-thanh-xuan/ep01_3,seg00012,clips/chay-tron-thanh-xuan__ep01_3__seg00012.wav,chay-tron-thanh-xuan,2,neutral,3,3,anger,3.741,0.107,anger,2.725,1.416
chay-tron-thanh-xuan/ep01_3,seg00013,clips/chay-tron-thanh-xuan__ep01_3__seg00013.wav,chay-tron-thanh-xuan,2,anger,2,3,joy,0.64,2.232,neutral,6.304,1.1
chay-tron-thanh-xuan/ep01_3,seg00015,clips/chay-tron-thanh-xuan__ep01_3__seg00015.wav,chay-tron-thanh-xuan,2,neutral,3,3,neutral,1.183,-1.715,neutral,1.702,-1.605
chay-tron-thanh-xuan/ep01_3,seg00016,clips/chay-tron-thanh-xuan__ep01_3__seg00016.wav,chay-tron-thanh-xuan,2,neutral,3,3,fear_anxiety,-1.35,2.518,neutral,3.612,0.81
chay-tron-thanh-xuan/ep01_3,seg00017,clips/chay-tron-thanh-xuan__ep01_3__seg00017.wav,chay-tron-thanh-xuan,2,joy,2,2,fear_anxiety,-1.373,-4.182,fear_anxiety,3.844,-3.024
chay-tron-thanh-xuan/ep01_3,seg00070,clips/chay-tron-thanh-xuan__ep01_3__seg00070.wav,chay-tron-thanh-xuan,2,sadness,3,2,neutral,-1.603,-4.149,neutral,0.664,-5.608
chay-tron-thanh-xuan/ep01_3,seg00071,clips/chay-tron-thanh-xuan__ep01_3__seg00071.wav,chay-tron-thanh-xuan,2,neutral,3,3,neutral,-1.474,-1.479,neutral,1.015,-0.456
chay-tron-thanh-xuan/ep01_3,seg00072,clips/chay-tron-thanh-xuan__ep01_3__seg00072.wav,chay-tron-thanh-xuan,2,neutral,4,2,sadness,-6.566,-0.255,sadness,-4.307,2.149
chay-tron-thanh-xuan/ep01_3,seg00074,clips/chay-tron-thanh-xuan__ep01_3__seg00074.wav,chay-tron-thanh-xuan,2,anger,2,2,neutral,-1.767,-2.299,neutral,-4.262,0.081
chay-tron-thanh-xuan/ep01_3,seg00076,clips/chay-tron-thanh-xuan__ep01_3__seg00076.wav,chay-tron-thanh-xuan,2,anger,2,4,anger,-1.097,2.507,anger,0.829,4.015
chay-tron-thanh-xuan/ep01_3,seg00022,clips/chay-tron-thanh-xuan__ep01_3__seg00022.wav,chay-tron-thanh-xuan,2,anger,4,4,joy,0.062,2.152,anger,-2.164,3.463
chay-tron-thanh-xuan/ep01_3,seg00023,clips/chay-tron-thanh-xuan__ep01_3__seg00023.wav,chay-tron-thanh-xuan,2,anger,3,4,anger,-2.584,3.734,anger,-0.26,4.712
chay-tron-thanh-xuan/ep01_3,seg00025,clips/chay-tron-thanh-xuan__ep01_3__seg00025.wav,chay-tron-thanh-xuan,2,anger,4,4,anger,-2.112,4.488,anger,0.19,0.174
chay-tron-thanh-xuan/ep01_3,seg00026,clips/chay-tron-thanh-xuan__ep01_3__seg00026.wav,chay-tron-thanh-xuan,2,anger,2,4,anger,-0.7,1.926,sadness,1.258,0.562
chay-tron-thanh-xuan/ep01_3,seg00027,clips/chay-tron-thanh-xuan__ep01_3__seg00027.wav,chay-tron-thanh-xuan,2,anger,2,2,neutral,-0.049,-0.352,sadness,-0.662,-3.378
chay-tron-thanh-xuan/ep01_3,seg00029,clips/chay-tron-thanh-xuan__ep01_3__seg00029.wav,chay-tron-thanh-xuan,2,anger,1,5,anger,-2.716,6.228,anger,-3.774,1.695
chay-tron-thanh-xuan/ep01_3,seg00031,clips/chay-tron-thanh-xuan__ep01_3__seg00031.wav,chay-tron-thanh-xuan,2,neutral,3,3,neutral,2.488,-3.125,joy,0.312,-2.013
chay-tron-thanh-xuan/ep01_3,seg00032,clips/chay-tron-thanh-xuan__ep01_3__seg00032.wav,chay-tron-thanh-xuan,2,neutral,3,2,neutral,0.882,-1.561,neutral,-1.639,-4.724
chay-tron-thanh-xuan/ep01_3,seg00033,clips/chay-tron-thanh-xuan__ep01_3__seg00033.wav,chay-tron-thanh-xuan,2,neutral,3,3,neutral,0.19,-3.489,neutral,2.69,-5.42
chay-tron-thanh-xuan/ep01_3,seg00034,clips/chay-tron-thanh-xuan__ep01_3__seg00034.wav,chay-tron-thanh-xuan,2,neutral,3,2,sadness,-2.774,-0.64,sadness,-4.571,-2.361
chay-tron-thanh-xuan/ep01_3,seg00035,clips/chay-tron-thanh-xuan__ep01_3__seg00035.wav,chay-tron-thanh-xuan,2,neutral,3,2,neutral,0.562,-1.314,neutral,-1.03,-4.56
chay-tron-thanh-xuan/ep01_3,seg00036,clips/chay-tron-thanh-xuan__ep01_3__seg00036.wav,chay-tron-thanh-xuan,2,neutral,3,2,neutral,-0.182,-2.309,neutral,1.448,-5.728
chay-tron-thanh-xuan/ep01_3,seg00037,clips/chay-tron-thanh-xuan__ep01_3__seg00037.wav,chay-tron-thanh-xuan,2,neutral,3,3,neutral,2.101,-5.087,neutral,2.603,-4.039
chay-tron-thanh-xuan/ep01_3,seg00039,clips/chay-tron-thanh-xuan__ep01_3__seg00039.wav,chay-tron-thanh-xuan,2,neutral,3,3,neutral,1.734,-1.893,neutral,-1.055,-3.476
chay-tron-thanh-xuan/ep01_3,seg00040,clips/chay-tron-thanh-xuan__ep01_3__seg00040.wav,chay-tron-thanh-xuan,2,neutral,3,3,neutral,1.284,-0.608,neutral,-1.752,-1.38
chay-tron-thanh-xuan/ep01_3,seg00041,clips/chay-tron-thanh-xuan__ep01_3__seg00041.wav,chay-tron-thanh-xuan,2,joy,3,3,joy,2.064,-3.237,neutral,0.732,-2.075
chay-tron-thanh-xuan/ep01_3,seg00043,clips/chay-tron-thanh-xuan__ep01_3__seg00043.wav,chay-tron-thanh-xuan,2,neutral,2,2,neutral,3.12,-5.97,neutral,2.076,-4.6
chay-tron-thanh-xuan/ep01_3,seg00044,clips/chay-tron-thanh-xuan__ep01_3__seg00044.wav,chay-tron-thanh-xuan,2,neutral,2,2,neutral,0.23,-3.877,neutral,3.646,-4.181
chay-tron-thanh-xuan/ep01_3,seg00045,clips/chay-tron-thanh-xuan__ep01_3__seg00045.wav,chay-tron-thanh-xuan,2,neutral,2,3,neutral,-1.378,-3.262,neutral,-0.563,-4.073
chay-tron-thanh-xuan/ep01_3,seg00048,clips/chay-tron-thanh-xuan__ep01_3__seg00048.wav,chay-tron-thanh-xuan,2,joy,4,3,neutral,1.675,-2.322,anger,-2.813,-1.177
chay-tron-thanh-xuan/ep01_3,seg00050,clips/chay-tron-thanh-xuan__ep01_3__seg00050.wav,chay-tron-thanh-xuan,2,neutral,3,3,neutral,2.959,-1.977,neutral,-0.262,-4.086
chay-tron-thanh-xuan/ep01_3,seg00051,clips/chay-tron-thanh-xuan__ep01_3__seg00051.wav,chay-tron-thanh-xuan,2,neutral,3,2,neutral,4.262,-0.267,neutral,-0.026,-1.473
chay-tron-thanh-xuan/ep01_3,seg00052,clips/chay-tron-thanh-xuan__ep01_3__seg00052.wav,chay-tron-thanh-xuan,2,neutral,3,2,sadness,-1.12,-0.976,neutral,0.676,-2.594
chay-tron-thanh-xuan/ep01_3,seg00053,clips/chay-tron-thanh-xuan__ep01_3__seg00053.wav,chay-tron-thanh-xuan,2,neutral,4,2,neutral,4.323,-2.979,fear_anxiety,1.271,-0.407
chay-tron-thanh-xuan/ep01_3,seg00054,clips/chay-tron-thanh-xuan__ep01_3__seg00054.wav,chay-tron-thanh-xuan,2,neutral,3,2,neutral,1.361,-0.313,neutral,-2.261,-4.813
chay-tron-thanh-xuan/ep01_3,seg00055,clips/chay-tron-thanh-xuan__ep01_3__seg00055.wav,chay-tron-thanh-xuan,2,neutral,3,2,joy,2.455,-2.38,neutral,3.271,-2.373
chay-tron-thanh-xuan/ep01_3,seg00056,clips/chay-tron-thanh-xuan__ep01_3__seg00056.wav,chay-tron-thanh-xuan,2,neutral,3,3,neutral,0.868,-0.734,neutral,1.872,-2.236
chay-tron-thanh-xuan/ep01_3,seg00058,clips/chay-tron-thanh-xuan__ep01_3__seg00058.wav,chay-tron-thanh-xuan,2,neutral,3,2,sadness,2.323,-3.13,neutral,-1.754,-3.471
chay-tron-thanh-xuan/ep01_3,seg00060,clips/chay-tron-thanh-xuan__ep01_3__seg00060.wav,chay-tron-thanh-xuan,2,fear_anxiety,3,2,neutral,-2.388,-3.996,neutral,-0.068,-2.4
chay-tron-thanh-xuan/ep01_3,seg00061,clips/chay-tron-thanh-xuan__ep01_3__seg00061.wav,chay-tron-thanh-xuan,2,sadness,3,2,neutral,1.261,-2.175,neutral,2.563,-4.5
chay-tron-thanh-xuan/ep01_3,seg00062,clips/chay-tron-thanh-xuan__ep01_3__seg00062.wav,chay-tron-thanh-xuan,2,neutral,3,2,joy,2.696,-2.186,sadness,0.573,-4.653
chay-tron-thanh-xuan/ep01_3,seg00063,clips/chay-tron-thanh-xuan__ep01_3__seg00063.wav,chay-tron-thanh-xuan,2,neutral,4,3,neutral,2.157,-3.023,neutral,-0.335,-3.703
chay-tron-thanh-xuan/ep01_3,seg00064,clips/chay-tron-thanh-xuan__ep01_3__seg00064.wav,chay-tron-thanh-xuan,2,joy,3,3,joy,2.019,-0.334,joy,3.212,-0.852
chay-tron-thanh-xuan/ep01_3,seg00059,clips/chay-tron-thanh-xuan__ep01_3__seg00059.wav,chay-tron-thanh-xuan,2,neutral,3,2,joy,4.349,-2.09,neutral,1.281,-2.555
chay-tron-thanh-xuan/ep02_1,seg00003,clips/chay-tron-thanh-xuan__ep02_1__seg00003.wav,chay-tron-thanh-xuan,3,neutral,2,3,neutral,2.13,-3.037,neutral,-0.159,-3.351
chay-tron-thanh-xuan/ep02_1,seg00006,clips/chay-tron-thanh-xuan__ep02_1__seg00006.wav,chay-tron-thanh-xuan,3,neutral,3,3,anger,-2.96,0.344,joy,0.474,0.132
chay-tron-thanh-xuan/ep02_1,seg00008,clips/chay-tron-thanh-xuan__ep02_1__seg00008.wav,chay-tron-thanh-xuan,3,joy,4,4,joy,6.293,0.255,joy,2.653,-1.877
chay-tron-thanh-xuan/ep02_1,seg00014,clips/chay-tron-thanh-xuan__ep02_1__seg00014.wav,chay-tron-thanh-xuan,3,joy,4,4,joy,3.505,0.78,joy,4.361,-2.843
chay-tron-thanh-xuan/ep02_1,seg00007,clips/chay-tron-thanh-xuan__ep02_1__seg00007.wav,chay-tron-thanh-xuan,3,neutral,3,3,neutral,0.481,-0.478,neutral,0.914,-1.766
chay-tron-thanh-xuan/ep02_1,seg00004,clips/chay-tron-thanh-xuan__ep02_1__seg00004.wav,chay-tron-thanh-xuan,3,neutral,3,3,neutral,-3.17,-0.31,joy,4.864,-5.31
chay-tron-thanh-xuan/ep02_1,seg00015,clips/chay-tron-thanh-xuan__ep02_1__seg00015.wav,chay-tron-thanh-xuan,3,fear_anxiety,3,4,joy,1.564,3.357,neutral,3.231,2.019
chay-tron-thanh-xuan/ep02_1,seg00016,clips/chay-tron-thanh-xuan__ep02_1__seg00016.wav,chay-tron-thanh-xuan,3,neutral,3,2,joy,3.08,-2.451,anger,-1.736,-3.332
chay-tron-thanh-xuan/ep02_1,seg00017,clips/chay-tron-thanh-xuan__ep02_1__seg00017.wav,chay-tron-thanh-xuan,3,neutral,3,2,neutral,7.596,-4.095,neutral,1.5,-6.167
chay-tron-thanh-xuan/ep02_1,seg00019,clips/chay-tron-thanh-xuan__ep02_1__seg00019.wav,chay-tron-thanh-xuan,3,sadness,2,2,anger,-1.271,-0.504,anger,-0.16,1.061
chay-tron-thanh-xuan/ep02_1,seg00022,clips/chay-tron-thanh-xuan__ep02_1__seg00022.wav,chay-tron-thanh-xuan,3,anger,2,5,anger,-3.269,5.277,anger,-0.393,5.208
chay-tron-thanh-xuan/ep02_1,seg00028,clips/chay-tron-thanh-xuan__ep02_1__seg00028.wav,chay-tron-thanh-xuan,3,anger,1,5,anger,-5.394,4.102,anger,0.474,0.59
chay-tron-thanh-xuan/ep02_1,seg00077,clips/chay-tron-thanh-xuan__ep02_1__seg00077.wav,chay-tron-thanh-xuan,3,anger,2,3,joy,1.257,0.646,anger,-1.463,3.177
chay-tron-thanh-xuan/ep02_1,seg00078,clips/chay-tron-thanh-xuan__ep02_1__seg00078.wav,chay-tron-thanh-xuan,3,anger,2,2,neutral,-0.964,1.458,neutral,-1.479,-0.278
chay-tron-thanh-xuan/ep02_1,seg00033,clips/chay-tron-thanh-xuan__ep02_1__seg00033.wav,chay-tron-thanh-xuan,3,neutral,3,3,joy,2.06,2.845,anger,3.101,-1.564
chay-tron-thanh-xuan/ep02_1,seg00080,clips/chay-tron-thanh-xuan__ep02_1__seg00080.wav,chay-tron-thanh-xuan,3,joy,4,4,fear_anxiety,0.102,4.227,anger,3.12,1.099
chay-tron-thanh-xuan/ep02_1,seg00037,clips/chay-tron-thanh-xuan__ep02_1__seg00037.wav,chay-tron-thanh-xuan,3,joy,4,4,anger,0.976,3.061,anger,-1.252,3.874
chay-tron-thanh-xuan/ep02_1,seg00040,clips/chay-tron-thanh-xuan__ep02_1__seg00040.wav,chay-tron-thanh-xuan,3,anger,2,3,joy,1.914,2.306,anger,-1.018,3.099
chay-tron-thanh-xuan/ep02_1,seg00042,clips/chay-tron-thanh-xuan__ep02_1__seg00042.wav,chay-tron-thanh-xuan,3,neutral,3,3,neutral,2.341,-1.907,neutral,-0.342,-1.241
chay-tron-thanh-xuan/ep02_1,seg00044,clips/chay-tron-thanh-xuan__ep02_1__seg00044.wav,chay-tron-thanh-xuan,3,fear_anxiety,2,3,fear_anxiety,-0.148,0.71,neutral,-1.483,-0.872
chay-tron-thanh-xuan/ep02_1,seg00045,clips/chay-tron-thanh-xuan__ep02_1__seg00045.wav,chay-tron-thanh-xuan,3,fear_anxiety,3,3,neutral,0.505,0.4,neutral,1.855,-1.333
chay-tron-thanh-xuan/ep02_1,seg00049,clips/chay-tron-thanh-xuan__ep02_1__seg00049.wav,chay-tron-thanh-xuan,3,fear_anxiety,2,3,sadness,0.529,-1.799,neutral,-1.892,-0.137
chay-tron-thanh-xuan/ep02_1,seg00050,clips/chay-tron-thanh-xuan__ep02_1__seg00050.wav,chay-tron-thanh-xuan,3,fear_anxiety,2,3,sadness,2.103,-0.852,neutral,1.674,1.918
chay-tron-thanh-xuan/ep02_1,seg00051,clips/chay-tron-thanh-xuan__ep02_1__seg00051.wav,chay-tron-thanh-xuan,3,fear_anxiety,1,3,joy,2.198,0.53,neutral,-1.072,-0.032
chay-tron-thanh-xuan/ep02_1,seg00052,clips/chay-tron-thanh-xuan__ep02_1__seg00052.wav,chay-tron-thanh-xuan,3,neutral,3,2,fear_anxiety,-2.325,-1.439,neutral,-0.237,-1.18
chay-tron-thanh-xuan/ep02_1,seg00053,clips/chay-tron-thanh-xuan__ep02_1__seg00053.wav,chay-tron-thanh-xuan,3,joy,3,3,joy,2.209,0.766,joy,0.175,-0.614
chay-tron-thanh-xuan/ep02_1,seg00054,clips/chay-tron-thanh-xuan__ep02_1__seg00054.wav,chay-tron-thanh-xuan,3,joy,3,3,joy,2.493,0.191,joy,1.238,0.243
chay-tron-thanh-xuan/ep02_1,seg00055,clips/chay-tron-thanh-xuan__ep02_1__seg00055.wav,chay-tron-thanh-xuan,3,joy,4,3,neutral,0.971,-0.11,neutral,1.627,-2.794
chay-tron-thanh-xuan/ep02_1,seg00057,clips/chay-tron-thanh-xuan__ep02_1__seg00057.wav,chay-tron-thanh-xuan,3,joy,4,3,joy,4.152,-3.42,joy,4.411,-2.64
chay-tron-thanh-xuan/ep02_1,seg00058,clips/chay-tron-thanh-xuan__ep02_1__seg00058.wav,chay-tron-thanh-xuan,3,joy,4,4,joy,9.709,-1.2,joy,6.086,-0.533
chay-tron-thanh-xuan/ep02_1,seg00059,clips/chay-tron-thanh-xuan__ep02_1__seg00059.wav,chay-tron-thanh-xuan,3,anger,3,2,neutral,0.691,-0.55,neutral,-1.944,1.281
chay-tron-thanh-xuan/ep02_1,seg00060,clips/chay-tron-thanh-xuan__ep02_1__seg00060.wav,chay-tron-thanh-xuan,3,sadness,2,3,sadness,0.31,0.53,joy,2.724,-0.625
chay-tron-thanh-xuan/ep02_1,seg00062,clips/chay-tron-thanh-xuan__ep02_1__seg00062.wav,chay-tron-thanh-xuan,3,anger,2,3,fear_anxiety,-0.911,1.591,sadness,-3.104,3.242
chay-tron-thanh-xuan/ep02_1,seg00064,clips/chay-tron-thanh-xuan__ep02_1__seg00064.wav,chay-tron-thanh-xuan,3,anger,2,4,anger,-0.719,4.412,anger,-4.507,3.724
chay-tron-thanh-xuan/ep02_1,seg00065,clips/chay-tron-thanh-xuan__ep02_1__seg00065.wav,chay-tron-thanh-xuan,3,neutral,3,2,sadness,-0.769,-2.454,sadness,-0.191,-4.249
chay-tron-thanh-xuan/ep02_1,seg00069,clips/chay-tron-thanh-xuan__ep02_1__seg00069.wav,chay-tron-thanh-xuan,3,anger,3,4,sadness,-1.142,1.282,sadness,-0.238,2.737
chay-tron-thanh-xuan/ep02_1,seg00071,clips/chay-tron-thanh-xuan__ep02_1__seg00071.wav,chay-tron-thanh-xuan,3,anger,1,4,fear_anxiety,-3.056,5.18,anger,-3.694,2.039
chay-tron-thanh-xuan/ep02_1,seg00072,clips/chay-tron-thanh-xuan__ep02_1__seg00072.wav,chay-tron-thanh-xuan,3,anger,2,3,neutral,1.84,-2.337,sadness,1.823,-1.378
chay-tron-thanh-xuan/ep02_1,seg00081,clips/chay-tron-thanh-xuan__ep02_1__seg00081.wav,chay-tron-thanh-xuan,3,sadness,2,4,anger,-2.611,4.54,anger,-0.46,0.667
chay-tron-thanh-xuan/ep02_1,seg00082,clips/chay-tron-thanh-xuan__ep02_1__seg00082.wav,chay-tron-thanh-xuan,3,anger,1,4,anger,-2.319,5.397,anger,-2.141,3.096
chay-tron-thanh-xuan/ep02_1,seg00074,clips/chay-tron-thanh-xuan__ep02_1__seg00074.wav,chay-tron-thanh-xuan,3,anger,2,4,anger,-1.855,0.679,neutral,2.068,-2.291
chay-tron-thanh-xuan/ep02_2,seg00001,clips/chay-tron-thanh-xuan__ep02_2__seg00001.wav,chay-tron-thanh-xuan,1,fear_anxiety,2,4,fear_anxiety,-2.041,0.74,neutral,-4.545,1.999
chay-tron-thanh-xuan/ep02_2,seg00002,clips/chay-tron-thanh-xuan__ep02_2__seg00002.wav,chay-tron-thanh-xuan,1,anger,2,3,fear_anxiety,-3.647,3.489,anger,-1.303,1.817
chay-tron-thanh-xuan/ep02_2,seg00003,clips/chay-tron-thanh-xuan__ep02_2__seg00003.wav,chay-tron-thanh-xuan,1,anger,2,4,anger,-1.225,1.173,joy,3.555,1.329
chay-tron-thanh-xuan/ep02_2,seg00005,clips/chay-tron-thanh-xuan__ep02_2__seg00005.wav,chay-tron-thanh-xuan,1,sadness,2,3,fear_anxiety,-2.933,-2.188,anger,0.345,-3.82
chay-tron-thanh-xuan/ep02_2,seg00094,clips/chay-tron-thanh-xuan__ep02_2__seg00094.wav,chay-tron-thanh-xuan,1,sadness,2,4,sadness,-8.19,0.951,sadness,-5.567,0.276
chay-tron-thanh-xuan/ep02_2,seg00095,clips/chay-tron-thanh-xuan__ep02_2__seg00095.wav,chay-tron-thanh-xuan,1,joy,2,4,anger,0.943,2.019,joy,6.957,-3.244
chay-tron-thanh-xuan/ep02_2,seg00007,clips/chay-tron-thanh-xuan__ep02_2__seg00007.wav,chay-tron-thanh-xuan,1,anger,2,4,anger,-1.408,2.732,anger,1.772,-0.74
chay-tron-thanh-xuan/ep02_2,seg00008,clips/chay-tron-thanh-xuan__ep02_2__seg00008.wav,chay-tron-thanh-xuan,1,anger,3,4,neutral,-0.932,0.806,anger,-1.602,-2.561
chay-tron-thanh-xuan/ep02_2,seg00011,clips/chay-tron-thanh-xuan__ep02_2__seg00011.wav,chay-tron-thanh-xuan,1,neutral,3,1,neutral,-0.807,-4.995,sadness,1.767,-4.365
chay-tron-thanh-xuan/ep02_2,seg00012,clips/chay-tron-thanh-xuan__ep02_2__seg00012.wav,chay-tron-thanh-xuan,1,fear_anxiety,2,2,sadness,-0.106,-2.123,neutral,-0.589,-1.598
chay-tron-thanh-xuan/ep02_2,seg00013,clips/chay-tron-thanh-xuan__ep02_2__seg00013.wav,chay-tron-thanh-xuan,1,sadness,2,3,sadness,0.758,-1.925,sadness,-2.152,-1.515
chay-tron-thanh-xuan/ep02_2,seg00014,clips/chay-tron-thanh-xuan__ep02_2__seg00014.wav,chay-tron-thanh-xuan,1,neutral,4,2,neutral,1.369,-5.587,neutral,2.632,-5.403
chay-tron-thanh-xuan/ep02_2,seg00015,clips/chay-tron-thanh-xuan__ep02_2__seg00015.wav,chay-tron-thanh-xuan,1,neutral,4,2,sadness,2.209,-2.415,neutral,1.59,-1.709
chay-tron-thanh-xuan/ep02_2,seg00016,clips/chay-tron-thanh-xuan__ep02_2__seg00016.wav,chay-tron-thanh-xuan,1,neutral,3,3,anger,1.301,0.184,neutral,-0.996,-3.507
chay-tron-thanh-xuan/ep02_2,seg00017,clips/chay-tron-thanh-xuan__ep02_2__seg00017.wav,chay-tron-thanh-xuan,1,neutral,4,3,neutral,0.193,-1.777,fear_anxiety,-2.462,-0.779
chay-tron-thanh-xuan/ep02_2,seg00018,clips/chay-tron-thanh-xuan__ep02_2__seg00018.wav,chay-tron-thanh-xuan,1,joy,4,4,joy,1.886,3.063,joy,2.578,1.873
chay-tron-thanh-xuan/ep02_2,seg00019,clips/chay-tron-thanh-xuan__ep02_2__seg00019.wav,chay-tron-thanh-xuan,1,joy,4,3,joy,0.922,0.704,fear_anxiety,-1.503,-0.807
chay-tron-thanh-xuan/ep02_2,seg00020,clips/chay-tron-thanh-xuan__ep02_2__seg00020.wav,chay-tron-thanh-xuan,1,joy,4,3,joy,0.463,2.087,fear_anxiety,1.591,1.001
chay-tron-thanh-xuan/ep02_2,seg00021,clips/chay-tron-thanh-xuan__ep02_2__seg00021.wav,chay-tron-thanh-xuan,1,joy,3,2,anger,3.166,-1.85,anger,0.105,-3.613
chay-tron-thanh-xuan/ep02_2,seg00023,clips/chay-tron-thanh-xuan__ep02_2__seg00023.wav,chay-tron-thanh-xuan,1,joy,4,3,joy,-1.672,3.074,joy,0.569,-1.641
chay-tron-thanh-xuan/ep02_2,seg00099,clips/chay-tron-thanh-xuan__ep02_2__seg00099.wav,chay-tron-thanh-xuan,1,neutral,3,3,sadness,-0.426,0.236,joy,0.923,-0.135
chay-tron-thanh-xuan/ep02_2,seg00100,clips/chay-tron-thanh-xuan__ep02_2__seg00100.wav,chay-tron-thanh-xuan,1,anger,3,3,fear_anxiety,-2.093,-0.541,fear_anxiety,-1.589,-1.572
chay-tron-thanh-xuan/ep02_2,seg00101,clips/chay-tron-thanh-xuan__ep02_2__seg00101.wav,chay-tron-thanh-xuan,1,neutral,3,3,fear_anxiety,0.634,-0.565,neutral,0.378,-3.333
chay-tron-thanh-xuan/ep02_2,seg00031,clips/chay-tron-thanh-xuan__ep02_2__seg00031.wav,chay-tron-thanh-xuan,1,anger,2,3,anger,1.089,3.738,anger,-1.223,2.141
chay-tron-thanh-xuan/ep02_2,seg00033,clips/chay-tron-thanh-xuan__ep02_2__seg00033.wav,chay-tron-thanh-xuan,1,neutral,3,3,anger,-3.14,2.507,anger,-4.198,-0.474
chay-tron-thanh-xuan/ep02_2,seg00039,clips/chay-tron-thanh-xuan__ep02_2__seg00039.wav,chay-tron-thanh-xuan,1,joy,4,4,joy,4.007,3.72,joy,2.879,2.175
chay-tron-thanh-xuan/ep02_2,seg00044,clips/chay-tron-thanh-xuan__ep02_2__seg00044.wav,chay-tron-thanh-xuan,1,neutral,4,4,neutral,-1.321,-1.132,neutral,0.369,-3.174
ve-nha-di-con/ep03,seg00024,clips/ve-nha-di-con__ep03__seg00024.wav,ve-nha-di-con,0,fear_anxiety,3,4,anger,-1.546,2.843,anger,-0.84,2.62
chay-tron-thanh-xuan/ep02_2,seg00048,clips/chay-tron-thanh-xuan__ep02_2__seg00048.wav,chay-tron-thanh-xuan,1,neutral,3,3,anger,-1.435,1.28,anger,2.263,-0.4
chay-tron-thanh-xuan/ep02_2,seg00049,clips/chay-tron-thanh-xuan__ep02_2__seg00049.wav,chay-tron-thanh-xuan,1,sadness,2,3,neutral,2.818,-2.074,neutral,-0.264,-3.049
chay-tron-thanh-xuan/ep02_2,seg00050,clips/chay-tron-thanh-xuan__ep02_2__seg00050.wav,chay-tron-thanh-xuan,1,neutral,3,3,neutral,2.29,-3.128,neutral,0.076,-7.863
chay-tron-thanh-xuan/ep02_2,seg00051,clips/chay-tron-thanh-xuan__ep02_2__seg00051.wav,chay-tron-thanh-xuan,1,joy,4,4,sadness,0.714,2.566,neutral,0.082,1.068
chay-tron-thanh-xuan/ep02_2,seg00102,clips/chay-tron-thanh-xuan__ep02_2__seg00102.wav,chay-tron-thanh-xuan,1,neutral,3,3,sadness,-2.217,-0.532,sadness,-0.789,-3.374
chay-tron-thanh-xuan/ep02_2,seg00103,clips/chay-tron-thanh-xuan__ep02_2__seg00103.wav,chay-tron-thanh-xuan,1,neutral,3,3,sadness,-0.211,-2.95,fear_anxiety,1.216,0.557
chay-tron-thanh-xuan/ep02_2,seg00105,clips/chay-tron-thanh-xuan__ep02_2__seg00105.wav,chay-tron-thanh-xuan,1,fear_anxiety,2,3,fear_anxiety,1.488,-2.583,joy,4.491,-2.46
chay-tron-thanh-xuan/ep02_2,seg00106,clips/chay-tron-thanh-xuan__ep02_2__seg00106.wav,chay-tron-thanh-xuan,1,joy,4,3,sadness,-0.394,-3.974,sadness,0.664,-4.312
chay-tron-thanh-xuan/ep02_2,seg00108,clips/chay-tron-thanh-xuan__ep02_2__seg00108.wav,chay-tron-thanh-xuan,1,joy,4,4,anger,1.591,1.499,joy,1.386,1.248
chay-tron-thanh-xuan/ep02_2,seg00109,clips/chay-tron-thanh-xuan__ep02_2__seg00109.wav,chay-tron-thanh-xuan,1,joy,4,4,neutral,-1.832,2.413,sadness,-2.435,1.12
chay-tron-thanh-xuan/ep02_2,seg00110,clips/chay-tron-thanh-xuan__ep02_2__seg00110.wav,chay-tron-thanh-xuan,1,joy,4,4,anger,2.204,4.443,anger,-0.677,6.083
chay-tron-thanh-xuan/ep02_2,seg00056,clips/chay-tron-thanh-xuan__ep02_2__seg00056.wav,chay-tron-thanh-xuan,1,joy,4,4,neutral,3.083,1.777,sadness,-1.53,0.322
chay-tron-thanh-xuan/ep02_2,seg00057,clips/chay-tron-thanh-xuan__ep02_2__seg00057.wav,chay-tron-thanh-xuan,1,sadness,3,2,joy,0.981,2.637,joy,2.988,2.765
chay-tron-thanh-xuan/ep02_2,seg00059,clips/chay-tron-thanh-xuan__ep02_2__seg00059.wav,chay-tron-thanh-xuan,1,joy,4,4,joy,3.175,2.904,fear_anxiety,1.321,2.375
chay-tron-thanh-xuan/ep02_2,seg00060,clips/chay-tron-thanh-xuan__ep02_2__seg00060.wav,chay-tron-thanh-xuan,1,joy,4,4,anger,0.268,-0.605,anger,1.025,-0.578
chay-tron-thanh-xuan/ep02_2,seg00111,clips/chay-tron-thanh-xuan__ep02_2__seg00111.wav,chay-tron-thanh-xuan,1,neutral,3,3,sadness,0.367,-4.546,sadness,1.654,-4.646
chay-tron-thanh-xuan/ep02_2,seg00112,clips/chay-tron-thanh-xuan__ep02_2__seg00112.wav,chay-tron-thanh-xuan,1,anger,3,4,anger,4.424,1.948,anger,5.044,0.682
chay-tron-thanh-xuan/ep02_2,seg00063,clips/chay-tron-thanh-xuan__ep02_2__seg00063.wav,chay-tron-thanh-xuan,1,joy,4,4,joy,0.761,3.872,joy,4.169,2.829
chay-tron-thanh-xuan/ep02_2,seg00064,clips/chay-tron-thanh-xuan__ep02_2__seg00064.wav,chay-tron-thanh-xuan,1,joy,4,3,sadness,1.962,2.932,sadness,-1.081,-0.354
chay-tron-thanh-xuan/ep02_2,seg00067,clips/chay-tron-thanh-xuan__ep02_2__seg00067.wav,chay-tron-thanh-xuan,1,neutral,4,3,neutral,1.923,-3.325,neutral,7.407,-1.11
chay-tron-thanh-xuan/ep02_2,seg00068,clips/chay-tron-thanh-xuan__ep02_2__seg00068.wav,chay-tron-thanh-xuan,1,neutral,3,3,fear_anxiety,1.722,3.825,fear_anxiety,-0.266,2.248
chay-tron-thanh-xuan/ep02_2,seg00072,clips/chay-tron-thanh-xuan__ep02_2__seg00072.wav,chay-tron-thanh-xuan,1,neutral,3,3,fear_anxiety,-0.598,0.397,neutral,-1.136,0.958
chay-tron-thanh-xuan/ep02_2,seg00113,clips/chay-tron-thanh-xuan__ep02_2__seg00113.wav,chay-tron-thanh-xuan,1,neutral,3,3,anger,-0.846,-0.254,anger,1.68,-3.129
chay-tron-thanh-xuan/ep02_2,seg00077,clips/chay-tron-thanh-xuan__ep02_2__seg00077.wav,chay-tron-thanh-xuan,1,fear_anxiety,2,4,neutral,-0.845,1.038,fear_anxiety,-2.517,1.368
chay-tron-thanh-xuan/ep02_2,seg00078,clips/chay-tron-thanh-xuan__ep02_2__seg00078.wav,chay-tron-thanh-xuan,1,neutral,2,3,sadness,-1.33,-1.173,sadness,-0.631,-3.389
chay-tron-thanh-xuan/ep02_2,seg00115,clips/chay-tron-thanh-xuan__ep02_2__seg00115.wav,chay-tron-thanh-xuan,1,neutral,2,3,anger,-1.709,-1.778,anger,-1.002,-4.929
chay-tron-thanh-xuan/ep02_2,seg00116,clips/chay-tron-thanh-xuan__ep02_2__seg00116.wav,chay-tron-thanh-xuan,1,neutral,3,3,sadness,-1.715,-3.374,sadness,-2.234,-4.64
chay-tron-thanh-xuan/ep02_2,seg00117,clips/chay-tron-thanh-xuan__ep02_2__seg00117.wav,chay-tron-thanh-xuan,1,joy,4,4,joy,3.671,5.324,joy,2.733,3.554
chay-tron-thanh-xuan/ep02_2,seg00118,clips/chay-tron-thanh-xuan__ep02_2__seg00118.wav,chay-tron-thanh-xuan,1,neutral,3,4,joy,0.662,-0.025,joy,5.782,0.706
chay-tron-thanh-xuan/ep02_2,seg00084,clips/chay-tron-thanh-xuan__ep02_2__seg00084.wav,chay-tron-thanh-xuan,1,joy,2,4,neutral,-1.416,-3.033,neutral,-2.584,-3.73
chay-tron-thanh-xuan/ep02_2,seg00086,clips/chay-tron-thanh-xuan__ep02_2__seg00086.wav,chay-tron-thanh-xuan,1,joy,4,3,neutral,-1.306,-4.116,neutral,-0.721,-3.425
chay-tron-thanh-xuan/ep02_2,seg00121,clips/chay-tron-thanh-xuan__ep02_2__seg00121.wav,chay-tron-thanh-xuan,1,fear_anxiety,2,3,fear_anxiety,2.875,-1.416,joy,6.134,-7.103
chay-tron-thanh-xuan/ep02_2,seg00122,clips/chay-tron-thanh-xuan__ep02_2__seg00122.wav,chay-tron-thanh-xuan,1,anger,2,4,anger,-3.184,5.645,anger,-2.874,5.57
chay-tron-thanh-xuan/ep02_2,seg00093,clips/chay-tron-thanh-xuan__ep02_2__seg00093.wav,chay-tron-thanh-xuan,1,anger,2,4,anger,-2.008,3.821,anger,0.387,0.46
chay-tron-thanh-xuan/ep02_3,seg00072,clips/chay-tron-thanh-xuan__ep02_3__seg00072.wav,chay-tron-thanh-xuan,4,sadness,2,3,anger,-5.179,3.021,anger,1.228,3.363
chay-tron-thanh-xuan/ep02_3,seg00001,clips/chay-tron-thanh-xuan__ep02_3__seg00001.wav,chay-tron-thanh-xuan,4,neutral,3,3,neutral,0.645,2.337,neutral,-0.942,2.309
chay-tron-thanh-xuan/ep02_3,seg00073,clips/chay-tron-thanh-xuan__ep02_3__seg00073.wav,chay-tron-thanh-xuan,4,sadness,2,4,anger,0.144,3.462,anger,-0.223,2.385
chay-tron-thanh-xuan/ep02_3,seg00002,clips/chay-tron-thanh-xuan__ep02_3__seg00002.wav,chay-tron-thanh-xuan,4,joy,3,3,neutral,0.774,1.236,neutral,3.657,3.604
chay-tron-thanh-xuan/ep02_3,seg00004,clips/chay-tron-thanh-xuan__ep02_3__seg00004.wav,chay-tron-thanh-xuan,4,neutral,3,3,fear_anxiety,-2.792,2.556,fear_anxiety,1.01,2.617
chay-tron-thanh-xuan/ep02_3,seg00075,clips/chay-tron-thanh-xuan__ep02_3__seg00075.wav,chay-tron-thanh-xuan,4,joy,4,4,joy,4.061,2.292,joy,4.0,-0.157
chay-tron-thanh-xuan/ep02_3,seg00007,clips/chay-tron-thanh-xuan__ep02_3__seg00007.wav,chay-tron-thanh-xuan,4,neutral,3,3,neutral,-0.761,-0.406,neutral,0.445,-2.787
chay-tron-thanh-xuan/ep02_3,seg00008,clips/chay-tron-thanh-xuan__ep02_3__seg00008.wav,chay-tron-thanh-xuan,4,neutral,2,3,anger,0.454,1.622,joy,0.313,0.174
chay-tron-thanh-xuan/ep02_3,seg00009,clips/chay-tron-thanh-xuan__ep02_3__seg00009.wav,chay-tron-thanh-xuan,4,fear_anxiety,2,3,anger,-0.311,2.794,anger,-1.049,2.09
chay-tron-thanh-xuan/ep02_3,seg00076,clips/chay-tron-thanh-xuan__ep02_3__seg00076.wav,chay-tron-thanh-xuan,4,neutral,3,2,neutral,0.068,-2.149,neutral,0.412,-1.006
chay-tron-thanh-xuan/ep02_3,seg00077,clips/chay-tron-thanh-xuan__ep02_3__seg00077.wav,chay-tron-thanh-xuan,4,neutral,3,2,neutral,-1.138,-0.367,neutral,0.844,0.204
chay-tron-thanh-xuan/ep02_3,seg00078,clips/chay-tron-thanh-xuan__ep02_3__seg00078.wav,chay-tron-thanh-xuan,4,fear_anxiety,2,4,anger,-1.964,1.885,anger,-2.378,1.941
chay-tron-thanh-xuan/ep02_3,seg00079,clips/chay-tron-thanh-xuan__ep02_3__seg00079.wav,chay-tron-thanh-xuan,4,sadness,2,2,neutral,0.635,0.119,neutral,2.968,-1.331
chay-tron-thanh-xuan/ep02_3,seg00080,clips/chay-tron-thanh-xuan__ep02_3__seg00080.wav,chay-tron-thanh-xuan,4,neutral,4,2,neutral,0.886,-4.573,neutral,3.579,-3.743
chay-tron-thanh-xuan/ep02_3,seg00081,clips/chay-tron-thanh-xuan__ep02_3__seg00081.wav,chay-tron-thanh-xuan,4,joy,4,4,anger,-2.505,1.72,anger,0.496,-2.717
chay-tron-thanh-xuan/ep02_3,seg00012,clips/chay-tron-thanh-xuan__ep02_3__seg00012.wav,chay-tron-thanh-xuan,4,neutral,2,3,anger,-2.463,1.599,joy,-2.246,0.314
chay-tron-thanh-xuan/ep02_3,seg00082,clips/chay-tron-thanh-xuan__ep02_3__seg00082.wav,chay-tron-thanh-xuan,4,neutral,3,3,joy,3.23,-1.79,neutral,3.294,-1.537
chay-tron-thanh-xuan/ep02_3,seg00013,clips/chay-tron-thanh-xuan__ep02_3__seg00013.wav,chay-tron-thanh-xuan,4,joy,4,3,anger,0.092,2.36,anger,0.493,0.107
chay-tron-thanh-xuan/ep02_3,seg00083,clips/chay-tron-thanh-xuan__ep02_3__seg00083.wav,chay-tron-thanh-xuan,4,sadness,2,3,neutral,0.236,-0.198,neutral,1.808,0.003
chay-tron-thanh-xuan/ep02_3,seg00084,clips/chay-tron-thanh-xuan__ep02_3__seg00084.wav,chay-tron-thanh-xuan,4,joy,4,3,anger,2.278,1.197,anger,-1.212,-1.732
chay-tron-thanh-xuan/ep02_3,seg00015,clips/chay-tron-thanh-xuan__ep02_3__seg00015.wav,chay-tron-thanh-xuan,4,joy,4,4,anger,-3.409,2.625,anger,-0.906,1.829
chay-tron-thanh-xuan/ep02_3,seg00085,clips/chay-tron-thanh-xuan__ep02_3__seg00085.wav,chay-tron-thanh-xuan,4,neutral,4,3,joy,2.211,2.595,joy,4.54,0.113
chay-tron-thanh-xuan/ep02_3,seg00086,clips/chay-tron-thanh-xuan__ep02_3__seg00086.wav,chay-tron-thanh-xuan,4,joy,4,4,fear_anxiety,0.765,3.727,fear_anxiety,0.483,1.256
chay-tron-thanh-xuan/ep02_3,seg00018,clips/chay-tron-thanh-xuan__ep02_3__seg00018.wav,chay-tron-thanh-xuan,4,neutral,4,4,joy,-0.803,2.923,joy,0.125,-0.174
chay-tron-thanh-xuan/ep02_3,seg00019,clips/chay-tron-thanh-xuan__ep02_3__seg00019.wav,chay-tron-thanh-xuan,4,joy,4,3,joy,3.668,-0.059,anger,2.356,-1.832
chay-tron-thanh-xuan/ep02_3,seg00087,clips/chay-tron-thanh-xuan__ep02_3__seg00087.wav,chay-tron-thanh-xuan,4,neutral,3,3,neutral,1.896,-0.082,neutral,2.198,0.019
chay-tron-thanh-xuan/ep02_3,seg00021,clips/chay-tron-thanh-xuan__ep02_3__seg00021.wav,chay-tron-thanh-xuan,4,joy,4,3,joy,4.086,-1.658,sadness,0.308,1.16
chay-tron-thanh-xuan/ep02_3,seg00089,clips/chay-tron-thanh-xuan__ep02_3__seg00089.wav,chay-tron-thanh-xuan,4,anger,2,4,joy,2.57,2.345,fear_anxiety,-0.169,-0.742
chay-tron-thanh-xuan/ep02_3,seg00027,clips/chay-tron-thanh-xuan__ep02_3__seg00027.wav,chay-tron-thanh-xuan,4,anger,2,2,neutral,1.083,-1.498,neutral,0.526,1.844
chay-tron-thanh-xuan/ep02_3,seg00028,clips/chay-tron-thanh-xuan__ep02_3__seg00028.wav,chay-tron-thanh-xuan,4,sadness,4,2,neutral,5.56,-3.276,neutral,0.351,-3.266
chay-tron-thanh-xuan/ep02_3,seg00090,clips/chay-tron-thanh-xuan__ep02_3__seg00090.wav,chay-tron-thanh-xuan,4,anger,2,4,anger,-2.786,-1.922,sadness,-1.723,0.798
chay-tron-thanh-xuan/ep02_3,seg00091,clips/chay-tron-thanh-xuan__ep02_3__seg00091.wav,chay-tron-thanh-xuan,4,anger,2,4,anger,-1.536,0.227,anger,-2.402,0.011
chay-tron-thanh-xuan/ep02_3,seg00029,clips/chay-tron-thanh-xuan__ep02_3__seg00029.wav,chay-tron-thanh-xuan,4,sadness,2,2,sadness,3.389,-2.885,sadness,1.38,-2.94
chay-tron-thanh-xuan/ep02_3,seg00030,clips/chay-tron-thanh-xuan__ep02_3__seg00030.wav,chay-tron-thanh-xuan,4,neutral,2,3,neutral,1.947,-0.994,neutral,-0.628,-1.117
chay-tron-thanh-xuan/ep02_3,seg00031,clips/chay-tron-thanh-xuan__ep02_3__seg00031.wav,chay-tron-thanh-xuan,4,joy,4,2,joy,1.218,0.552,neutral,-0.404,-2.808
chay-tron-thanh-xuan/ep02_3,seg00032,clips/chay-tron-thanh-xuan__ep02_3__seg00032.wav,chay-tron-thanh-xuan,4,neutral,3,3,anger,1.705,-0.21,neutral,-3.683,-2.225
chay-tron-thanh-xuan/ep02_3,seg00092,clips/chay-tron-thanh-xuan__ep02_3__seg00092.wav,chay-tron-thanh-xuan,4,neutral,2,4,fear_anxiety,-0.984,-0.179,sadness,-2.305,-3.315
chay-tron-thanh-xuan/ep02_3,seg00036,clips/chay-tron-thanh-xuan__ep02_3__seg00036.wav,chay-tron-thanh-xuan,4,anger,2,4,anger,-6.409,3.101,anger,-3.39,1.706
chay-tron-thanh-xuan/ep02_3,seg00037,clips/chay-tron-thanh-xuan__ep02_3__seg00037.wav,chay-tron-thanh-xuan,4,neutral,2,2,sadness,-2.172,-2.695,sadness,-1.529,1.413
chay-tron-thanh-xuan/ep02_3,seg00093,clips/chay-tron-thanh-xuan__ep02_3__seg00093.wav,chay-tron-thanh-xuan,4,sadness,3,2,neutral,3.331,-2.783,neutral,1.301,-5.717
chay-tron-thanh-xuan/ep02_3,seg00040,clips/chay-tron-thanh-xuan__ep02_3__seg00040.wav,chay-tron-thanh-xuan,4,neutral,3,3,neutral,2.84,-0.814,fear_anxiety,0.204,0.15
chay-tron-thanh-xuan/ep02_3,seg00094,clips/chay-tron-thanh-xuan__ep02_3__seg00094.wav,chay-tron-thanh-xuan,4,joy,4,2,joy,0.841,-1.945,neutral,3.954,-3.932
chay-tron-thanh-xuan/ep02_3,seg00042,clips/chay-tron-thanh-xuan__ep02_3__seg00042.wav,chay-tron-thanh-xuan,4,neutral,3,3,neutral,1.637,-3.03,neutral,-0.105,-0.462
chay-tron-thanh-xuan/ep02_3,seg00043,clips/chay-tron-thanh-xuan__ep02_3__seg00043.wav,chay-tron-thanh-xuan,4,neutral,4,3,joy,3.708,-4.273,neutral,-1.406,-1.44
chay-tron-thanh-xuan/ep02_3,seg00044,clips/chay-tron-thanh-xuan__ep02_3__seg00044.wav,chay-tron-thanh-xuan,4,joy,4,2,joy,2.713,-2.096,neutral,2.578,-3.183
chay-tron-thanh-xuan/ep02_3,seg00046,clips/chay-tron-thanh-xuan__ep02_3__seg00046.wav,chay-tron-thanh-xuan,4,joy,4,2,neutral,3.664,-4.463,neutral,1.306,-5.001
chay-tron-thanh-xuan/ep02_3,seg00047,clips/chay-tron-thanh-xuan__ep02_3__seg00047.wav,chay-tron-thanh-xuan,4,neutral,3,3,neutral,2.31,-3.775,neutral,0.118,-2.798
chay-tron-thanh-xuan/ep02_3,seg00095,clips/chay-tron-thanh-xuan__ep02_3__seg00095.wav,chay-tron-thanh-xuan,4,neutral,3,3,fear_anxiety,0.814,-1.513,sadness,1.7,-0.287
chay-tron-thanh-xuan/ep02_3,seg00049,clips/chay-tron-thanh-xuan__ep02_3__seg00049.wav,chay-tron-thanh-xuan,4,joy,4,2,joy,4.397,-0.651,joy,2.753,0.809
chay-tron-thanh-xuan/ep02_3,seg00096,clips/chay-tron-thanh-xuan__ep02_3__seg00096.wav,chay-tron-thanh-xuan,4,joy,4,3,neutral,4.211,0.201,fear_anxiety,-0.395,0.947
chay-tron-thanh-xuan/ep02_3,seg00097,clips/chay-tron-thanh-xuan__ep02_3__seg00097.wav,chay-tron-thanh-xuan,4,joy,3,3,joy,8.343,-3.889,neutral,5.328,-6.767
chay-tron-thanh-xuan/ep02_3,seg00052,clips/chay-tron-thanh-xuan__ep02_3__seg00052.wav,chay-tron-thanh-xuan,4,neutral,3,3,neutral,1.226,-1.359,sadness,-2.925,-2.49
chay-tron-thanh-xuan/ep02_3,seg00054,clips/chay-tron-thanh-xuan__ep02_3__seg00054.wav,chay-tron-thanh-xuan,4,neutral,4,3,neutral,2.093,-0.186,neutral,0.411,-0.144
chay-tron-thanh-xuan/ep02_3,seg00058,clips/chay-tron-thanh-xuan__ep02_3__seg00058.wav,chay-tron-thanh-xuan,4,joy,3,3,fear_anxiety,1.408,-0.802,sadness,2.08,-1.407
chay-tron-thanh-xuan/ep02_3,seg00059,clips/chay-tron-thanh-xuan__ep02_3__seg00059.wav,chay-tron-thanh-xuan,4,joy,4,3,anger,1.499,-0.833,neutral,2.442,-2.061
chay-tron-thanh-xuan/ep02_3,seg00060,clips/chay-tron-thanh-xuan__ep02_3__seg00060.wav,chay-tron-thanh-xuan,4,joy,4,3,neutral,2.038,-2.436,neutral,2.091,-1.487
chay-tron-thanh-xuan/ep02_3,seg00098,clips/chay-tron-thanh-xuan__ep02_3__seg00098.wav,chay-tron-thanh-xuan,4,fear_anxiety,2,4,anger,-2.221,4.33,anger,-0.565,0.724
chay-tron-thanh-xuan/ep02_3,seg00099,clips/chay-tron-thanh-xuan__ep02_3__seg00099.wav,chay-tron-thanh-xuan,4,anger,1,5,fear_anxiety,-6.557,-2.515,anger,-5.078,-3.433
chay-tron-thanh-xuan/ep02_3,seg00063,clips/chay-tron-thanh-xuan__ep02_3__seg00063.wav,chay-tron-thanh-xuan,4,anger,1,4,anger,-0.182,3.03,anger,-0.567,1.505
chay-tron-thanh-xuan/ep02_3,seg00064,clips/chay-tron-thanh-xuan__ep02_3__seg00064.wav,chay-tron-thanh-xuan,4,anger,2,4,anger,-4.172,2.012,anger,-3.033,0.614
chay-tron-thanh-xuan/ep02_3,seg00066,clips/chay-tron-thanh-xuan__ep02_3__seg00066.wav,chay-tron-thanh-xuan,4,anger,1,4,anger,-2.206,3.847,sadness,-0.787,2.621
chay-tron-thanh-xuan/ep02_3,seg00067,clips/chay-tron-thanh-xuan__ep02_3__seg00067.wav,chay-tron-thanh-xuan,4,fear_anxiety,1,5,fear_anxiety,-2.533,3.097,joy,-2.417,2.983
chay-tron-thanh-xuan/ep02_3,seg00068,clips/chay-tron-thanh-xuan__ep02_3__seg00068.wav,chay-tron-thanh-xuan,4,fear_anxiety,1,5,joy,-2.676,3.995,joy,2.052,2.595
chay-tron-thanh-xuan/ep02_3,seg00069,clips/chay-tron-thanh-xuan__ep02_3__seg00069.wav,chay-tron-thanh-xuan,4,anger,1,5,anger,-1.713,6.604,anger,-3.68,4.715
chay-tron-thanh-xuan/ep02_3,seg00070,clips/chay-tron-thanh-xuan__ep02_3__seg00070.wav,chay-tron-thanh-xuan,4,anger,2,3,anger,-1.337,-1.337,sadness,-2.014,-1.207
chay-tron-thanh-xuan/ep02_3,seg00071,clips/chay-tron-thanh-xuan__ep02_3__seg00071.wav,chay-tron-thanh-xuan,4,anger,2,4,anger,-2.773,4.621,fear_anxiety,-2.139,3.839
chay-tron-thanh-xuan/ep03_1,seg00006,clips/chay-tron-thanh-xuan__ep03_1__seg00006.wav,chay-tron-thanh-xuan,1,joy,3,3,neutral,-0.996,-1.205,neutral,1.013,-1.414
chay-tron-thanh-xuan/ep03_1,seg00007,clips/chay-tron-thanh-xuan__ep03_1__seg00007.wav,chay-tron-thanh-xuan,1,joy,3,3,anger,-0.073,1.692,joy,3.424,4.002
chay-tron-thanh-xuan/ep03_1,seg00008,clips/chay-tron-thanh-xuan__ep03_1__seg00008.wav,chay-tron-thanh-xuan,1,joy,4,4,joy,2.133,0.957,anger,0.474,3.055
chay-tron-thanh-xuan/ep03_1,seg00009,clips/chay-tron-thanh-xuan__ep03_1__seg00009.wav,chay-tron-thanh-xuan,1,neutral,2,3,joy,0.298,0.293,anger,0.069,0.179
chay-tron-thanh-xuan/ep03_1,seg00010,clips/chay-tron-thanh-xuan__ep03_1__seg00010.wav,chay-tron-thanh-xuan,1,neutral,3,3,anger,-1.332,-0.463,joy,2.561,-0.439
chay-tron-thanh-xuan/ep03_1,seg00011,clips/chay-tron-thanh-xuan__ep03_1__seg00011.wav,chay-tron-thanh-xuan,1,joy,4,4,anger,1.106,5.032,anger,1.674,3.412
chay-tron-thanh-xuan/ep03_1,seg00014,clips/chay-tron-thanh-xuan__ep03_1__seg00014.wav,chay-tron-thanh-xuan,1,joy,4,5,joy,-1.732,-0.152,joy,-3.128,-4.288
chay-tron-thanh-xuan/ep03_1,seg00015,clips/chay-tron-thanh-xuan__ep03_1__seg00015.wav,chay-tron-thanh-xuan,1,joy,4,3,neutral,4.134,-3.291,neutral,2.935,-2.216
chay-tron-thanh-xuan/ep03_1,seg00016,clips/chay-tron-thanh-xuan__ep03_1__seg00016.wav,chay-tron-thanh-xuan,1,neutral,3,3,neutral,3.283,-1.789,neutral,2.428,-4.936
chay-tron-thanh-xuan/ep03_1,seg00017,clips/chay-tron-thanh-xuan__ep03_1__seg00017.wav,chay-tron-thanh-xuan,1,joy,4,4,joy,1.007,1.355,joy,2.781,-0.226
chay-tron-thanh-xuan/ep03_1,seg00018,clips/chay-tron-thanh-xuan__ep03_1__seg00018.wav,chay-tron-thanh-xuan,1,joy,2,3,neutral,4.274,0.932,neutral,5.708,2.616
chay-tron-thanh-xuan/ep03_1,seg00019,clips/chay-tron-thanh-xuan__ep03_1__seg00019.wav,chay-tron-thanh-xuan,1,sadness,2,2,sadness,0.037,-1.277,neutral,-0.882,-2.24
chay-tron-thanh-xuan/ep03_1,seg00021,clips/chay-tron-thanh-xuan__ep03_1__seg00021.wav,chay-tron-thanh-xuan,1,neutral,3,3,neutral,1.06,-3.72,neutral,4.688,-6.227
chay-tron-thanh-xuan/ep03_1,seg00022,clips/chay-tron-thanh-xuan__ep03_1__seg00022.wav,chay-tron-thanh-xuan,1,neutral,3,2,neutral,1.556,-2.48,neutral,5.592,-2.294
chay-tron-thanh-xuan/ep03_1,seg00024,clips/chay-tron-thanh-xuan__ep03_1__seg00024.wav,chay-tron-thanh-xuan,1,neutral,3,3,neutral,5.666,-2.582,neutral,2.057,-2.077
chay-tron-thanh-xuan/ep03_1,seg00026,clips/chay-tron-thanh-xuan__ep03_1__seg00026.wav,chay-tron-thanh-xuan,1,joy,4,2,neutral,2.163,-3.407,neutral,5.019,-5.894
chay-tron-thanh-xuan/ep03_1,seg00027,clips/chay-tron-thanh-xuan__ep03_1__seg00027.wav,chay-tron-thanh-xuan,1,neutral,3,3,joy,6.367,-3.861,neutral,3.352,-4.092
chay-tron-thanh-xuan/ep03_1,seg00131,clips/chay-tron-thanh-xuan__ep03_1__seg00131.wav,chay-tron-thanh-xuan,1,joy,4,3,neutral,4.292,-4.232,neutral,4.157,-5.714
chay-tron-thanh-xuan/ep03_1,seg00029,clips/chay-tron-thanh-xuan__ep03_1__seg00029.wav,chay-tron-thanh-xuan,1,neutral,3,2,neutral,1.722,-1.911,neutral,-0.603,-0.903
chay-tron-thanh-xuan/ep03_1,seg00030,clips/chay-tron-thanh-xuan__ep03_1__seg00030.wav,chay-tron-thanh-xuan,1,neutral,3,2,joy,-0.652,-3.881,neutral,3.102,-6.743
chay-tron-thanh-xuan/ep03_1,seg00031,clips/chay-tron-thanh-xuan__ep03_1__seg00031.wav,chay-tron-thanh-xuan,1,neutral,4,2,joy,3.572,-2.82,neutral,0.39,-2.316
chay-tron-thanh-xuan/ep03_1,seg00034,clips/chay-tron-thanh-xuan__ep03_1__seg00034.wav,chay-tron-thanh-xuan,1,sadness,2,2,fear_anxiety,1.683,0.341,anger,-0.101,0.75
chay-tron-thanh-xuan/ep03_1,seg00035,clips/chay-tron-thanh-xuan__ep03_1__seg00035.wav,chay-tron-thanh-xuan,1,neutral,3,3,sadness,2.791,-1.014,fear_anxiety,-0.106,-1.75
chay-tron-thanh-xuan/ep03_1,seg00036,clips/chay-tron-thanh-xuan__ep03_1__seg00036.wav,chay-tron-thanh-xuan,1,joy,4,4,neutral,-1.737,1.286,neutral,2.067,-0.133
chay-tron-thanh-xuan/ep03_1,seg00037,clips/chay-tron-thanh-xuan__ep03_1__seg00037.wav,chay-tron-thanh-xuan,1,neutral,3,3,neutral,-2.386,-3.274,sadness,3.53,0.225
chay-tron-thanh-xuan/ep03_1,seg00038,clips/chay-tron-thanh-xuan__ep03_1__seg00038.wav,chay-tron-thanh-xuan,1,joy,4,3,anger,0.324,3.059,joy,4.286,-0.283
chay-tron-thanh-xuan/ep03_1,seg00039,clips/chay-tron-thanh-xuan__ep03_1__seg00039.wav,chay-tron-thanh-xuan,1,anger,2,4,anger,-0.722,6.208,anger,-0.244,8.041
chay-tron-thanh-xuan/ep03_1,seg00040,clips/chay-tron-thanh-xuan__ep03_1__seg00040.wav,chay-tron-thanh-xuan,1,sadness,2,2,joy,1.195,-1.083,joy,-1.029,1.215
chay-tron-thanh-xuan/ep03_1,seg00132,clips/chay-tron-thanh-xuan__ep03_1__seg00132.wav,chay-tron-thanh-xuan,1,sadness,2,3,joy,1.673,0.89,joy,0.253,-0.272
chay-tron-thanh-xuan/ep03_1,seg00133,clips/chay-tron-thanh-xuan__ep03_1__seg00133.wav,chay-tron-thanh-xuan,1,fear_anxiety,2,3,fear_anxiety,2.476,-3.282,joy,1.484,-3.003
chay-tron-thanh-xuan/ep03_1,seg00043,clips/chay-tron-thanh-xuan__ep03_1__seg00043.wav,chay-tron-thanh-xuan,1,joy,4,3,joy,5.128,-1.223,joy,5.635,-2.838
chay-tron-thanh-xuan/ep03_1,seg00044,clips/chay-tron-thanh-xuan__ep03_1__seg00044.wav,chay-tron-thanh-xuan,1,joy,4,3,joy,1.752,-2.449,joy,-0.518,-4.241
chay-tron-thanh-xuan/ep03_1,seg00045,clips/chay-tron-thanh-xuan__ep03_1__seg00045.wav,chay-tron-thanh-xuan,1,anger,2,4,joy,1.333,1.829,fear_anxiety,4.905,-0.894
chay-tron-thanh-xuan/ep03_1,seg00046,clips/chay-tron-thanh-xuan__ep03_1__seg00046.wav,chay-tron-thanh-xuan,1,anger,2,4,anger,-3.158,0.192,sadness,-2.432,-1.007
chay-tron-thanh-xuan/ep03_1,seg00048,clips/chay-tron-thanh-xuan__ep03_1__seg00048.wav,chay-tron-thanh-xuan,1,anger,1,5,anger,0.205,3.253,sadness,0.311,1.901
chay-tron-thanh-xuan/ep03_1,seg00049,clips/chay-tron-thanh-xuan__ep03_1__seg00049.wav,chay-tron-thanh-xuan,1,anger,2,4,joy,-0.452,0.683,joy,-0.694,-0.383
chay-tron-thanh-xuan/ep03_1,seg00136,clips/chay-tron-thanh-xuan__ep03_1__seg00136.wav,chay-tron-thanh-xuan,1,anger,2,4,anger,-4.594,1.62,joy,-2.266,-2.022
chay-tron-thanh-xuan/ep03_1,seg00137,clips/chay-tron-thanh-xuan__ep03_1__seg00137.wav,chay-tron-thanh-xuan,1,sadness,3,2,sadness,0.979,-2.003,neutral,1.477,-5.652
chay-tron-thanh-xuan/ep03_1,seg00051,clips/chay-tron-thanh-xuan__ep03_1__seg00051.wav,chay-tron-thanh-xuan,1,anger,2,4,fear_anxiety,0.436,3.86,fear_anxiety,-1.017,1.95
chay-tron-thanh-xuan/ep03_1,seg00052,clips/chay-tron-thanh-xuan__ep03_1__seg00052.wav,chay-tron-thanh-xuan,1,fear_anxiety,3,3,neutral,-2.421,2.135,neutral,-2.999,2.176
chay-tron-thanh-xuan/ep03_1,seg00053,clips/chay-tron-thanh-xuan__ep03_1__seg00053.wav,chay-tron-thanh-xuan,1,sadness,2,3,neutral,-1.551,-1.448,fear_anxiety,-5.37,2.449
chay-tron-thanh-xuan/ep03_1,seg00054,clips/chay-tron-thanh-xuan__ep03_1__seg00054.wav,chay-tron-thanh-xuan,1,anger,2,4,anger,-0.211,2.758,anger,1.596,0.037
chay-tron-thanh-xuan/ep03_1,seg00057,clips/chay-tron-thanh-xuan__ep03_1__seg00057.wav,chay-tron-thanh-xuan,1,sadness,2,4,neutral,-1.265,1.759,fear_anxiety,-0.38,-0.273
chay-tron-thanh-xuan/ep03_1,seg00060,clips/chay-tron-thanh-xuan__ep03_1__seg00060.wav,chay-tron-thanh-xuan,1,joy,4,3,joy,2.391,0.83,neutral,3.604,2.008
chay-tron-thanh-xuan/ep03_1,seg00062,clips/chay-tron-thanh-xuan__ep03_1__seg00062.wav,chay-tron-thanh-xuan,1,fear_anxiety,3,3,neutral,1.379,-0.813,fear_anxiety,0.74,-1.393
chay-tron-thanh-xuan/ep03_1,seg00063,clips/chay-tron-thanh-xuan__ep03_1__seg00063.wav,chay-tron-thanh-xuan,1,joy,3,3,joy,2.133,0.67,neutral,1.149,-0.984
chay-tron-thanh-xuan/ep03_1,seg00064,clips/chay-tron-thanh-xuan__ep03_1__seg00064.wav,chay-tron-thanh-xuan,1,joy,4,3,anger,-1.678,-1.002,sadness,-4.986,0.43
chay-tron-thanh-xuan/ep03_1,seg00066,clips/chay-tron-thanh-xuan__ep03_1__seg00066.wav,chay-tron-thanh-xuan,1,sadness,2,2,neutral,1.335,-1.283,neutral,0.442,-4.627
chay-tron-thanh-xuan/ep03_1,seg00067,clips/chay-tron-thanh-xuan__ep03_1__seg00067.wav,chay-tron-thanh-xuan,1,joy,4,3,joy,0.699,-1.598,joy,2.159,-1.149
chay-tron-thanh-xuan/ep03_1,seg00070,clips/chay-tron-thanh-xuan__ep03_1__seg00070.wav,chay-tron-thanh-xuan,1,sadness,2,2,fear_anxiety,-1.805,-2.729,neutral,-1.456,-7.439
chay-tron-thanh-xuan/ep03_1,seg00071,clips/chay-tron-thanh-xuan__ep03_1__seg00071.wav,chay-tron-thanh-xuan,1,neutral,3,3,neutral,-0.567,-2.789,neutral,-0.248,-5.262
chay-tron-thanh-xuan/ep03_1,seg00072,clips/chay-tron-thanh-xuan__ep03_1__seg00072.wav,chay-tron-thanh-xuan,1,anger,3,3,neutral,-1.632,-2.053,neutral,1.438,-2.412
chay-tron-thanh-xuan/ep03_1,seg00073,clips/chay-tron-thanh-xuan__ep03_1__seg00073.wav,chay-tron-thanh-xuan,1,neutral,3,3,anger,-1.41,-2.612,anger,-4.036,-3.502
chay-tron-thanh-xuan/ep03_1,seg00074,clips/chay-tron-thanh-xuan__ep03_1__seg00074.wav,chay-tron-thanh-xuan,1,joy,4,3,joy,3.233,0.675,neutral,2.295,0.016
chay-tron-thanh-xuan/ep03_1,seg00075,clips/chay-tron-thanh-xuan__ep03_1__seg00075.wav,chay-tron-thanh-xuan,1,anger,2,4,anger,-3.645,-0.375,fear_anxiety,-7.193,0.139
chay-tron-thanh-xuan/ep03_1,seg00077,clips/chay-tron-thanh-xuan__ep03_1__seg00077.wav,chay-tron-thanh-xuan,1,joy,4,4,joy,3.641,1.278,joy,2.178,1.0
chay-tron-thanh-xuan/ep03_1,seg00078,clips/chay-tron-thanh-xuan__ep03_1__seg00078.wav,chay-tron-thanh-xuan,1,joy,4,3,joy,2.7,-0.187,joy,1.931,-3.341
chay-tron-thanh-xuan/ep03_1,seg00079,clips/chay-tron-thanh-xuan__ep03_1__seg00079.wav,chay-tron-thanh-xuan,1,neutral,3,3,neutral,1.725,0.65,anger,-0.727,-1.102
chay-tron-thanh-xuan/ep03_1,seg00081,clips/chay-tron-thanh-xuan__ep03_1__seg00081.wav,chay-tron-thanh-xuan,1,joy,4,3,neutral,2.629,-1.23,sadness,-0.474,-2.153
chay-tron-thanh-xuan/ep03_1,seg00086,clips/chay-tron-thanh-xuan__ep03_1__seg00086.wav,chay-tron-thanh-xuan,1,neutral,3,4,anger,1.201,0.14,anger,-2.88,0.705
chay-tron-thanh-xuan/ep03_1,seg00087,clips/chay-tron-thanh-xuan__ep03_1__seg00087.wav,chay-tron-thanh-xuan,1,anger,2,4,anger,-0.389,1.462,anger,-2.232,0.424
chay-tron-thanh-xuan/ep03_1,seg00091,clips/chay-tron-thanh-xuan__ep03_1__seg00091.wav,chay-tron-thanh-xuan,1,fear_anxiety,2,4,sadness,-0.6,-3.24,sadness,0.239,-2.668
chay-tron-thanh-xuan/ep03_1,seg00096,clips/chay-tron-thanh-xuan__ep03_1__seg00096.wav,chay-tron-thanh-xuan,1,sadness,1,5,joy,1.438,5.053,joy,4.871,0.368
chay-tron-thanh-xuan/ep03_1,seg00097,clips/chay-tron-thanh-xuan__ep03_1__seg00097.wav,chay-tron-thanh-xuan,1,anger,2,4,anger,-1.486,2.395,neutral,0.267,1.666
chay-tron-thanh-xuan/ep03_1,seg00099,clips/chay-tron-thanh-xuan__ep03_1__seg00099.wav,chay-tron-thanh-xuan,1,fear_anxiety,2,2,neutral,0.475,-1.886,neutral,-1.427,-0.246
chay-tron-thanh-xuan/ep03_1,seg00100,clips/chay-tron-thanh-xuan__ep03_1__seg00100.wav,chay-tron-thanh-xuan,1,anger,2,3,anger,-2.586,-0.872,anger,-0.305,-0.219
chay-tron-thanh-xuan/ep03_1,seg00101,clips/chay-tron-thanh-xuan__ep03_1__seg00101.wav,chay-tron-thanh-xuan,1,anger,1,4,anger,0.397,3.245,neutral,0.722,0.702
chay-tron-thanh-xuan/ep03_1,seg00102,clips/chay-tron-thanh-xuan__ep03_1__seg00102.wav,chay-tron-thanh-xuan,1,fear_anxiety,1,4,sadness,0.392,-0.032,sadness,0.389,-0.166
chay-tron-thanh-xuan/ep03_1,seg00103,clips/chay-tron-thanh-xuan__ep03_1__seg00103.wav,chay-tron-thanh-xuan,1,fear_anxiety,1,4,joy,1.321,0.587,sadness,-2.457,-2.904
chay-tron-thanh-xuan/ep03_1,seg00104,clips/chay-tron-thanh-xuan__ep03_1__seg00104.wav,chay-tron-thanh-xuan,1,anger,1,4,anger,-1.75,5.814,joy,1.435,3.567
chay-tron-thanh-xuan/ep03_1,seg00105,clips/chay-tron-thanh-xuan__ep03_1__seg00105.wav,chay-tron-thanh-xuan,1,anger,2,3,anger,-3.875,3.17,anger,-1.864,2.366
chay-tron-thanh-xuan/ep03_1,seg00107,clips/chay-tron-thanh-xuan__ep03_1__seg00107.wav,chay-tron-thanh-xuan,1,anger,2,3,anger,-3.749,2.313,fear_anxiety,-2.214,1.783
chay-tron-thanh-xuan/ep03_1,seg00108,clips/chay-tron-thanh-xuan__ep03_1__seg00108.wav,chay-tron-thanh-xuan,1,fear_anxiety,1,4,anger,-0.313,5.273,anger,-3.558,2.644
chay-tron-thanh-xuan/ep03_1,seg00110,clips/chay-tron-thanh-xuan__ep03_1__seg00110.wav,chay-tron-thanh-xuan,1,neutral,2,3,fear_anxiety,0.353,-1.925,anger,-0.423,-1.174
chay-tron-thanh-xuan/ep03_1,seg00111,clips/chay-tron-thanh-xuan__ep03_1__seg00111.wav,chay-tron-thanh-xuan,1,fear_anxiety,1,4,neutral,1.43,0.333,anger,1.358,-0.313
chay-tron-thanh-xuan/ep03_1,seg00116,clips/chay-tron-thanh-xuan__ep03_1__seg00116.wav,chay-tron-thanh-xuan,1,fear_anxiety,2,2,fear_anxiety,-1.271,-0.172,neutral,0.398,-2.174
chay-tron-thanh-xuan/ep03_1,seg00117,clips/chay-tron-thanh-xuan__ep03_1__seg00117.wav,chay-tron-thanh-xuan,1,neutral,3,3,neutral,2.934,-1.04,neutral,3.054,-2.823
ve-nha-di-con/ep01,seg00000,clips/ve-nha-di-con__ep01__seg00000.wav,ve-nha-di-con,0,neutral,3,3,neutral,-2.64,2.225,neutral,-2.616,2.245
ve-nha-di-con/ep01,seg00001,clips/ve-nha-di-con__ep01__seg00001.wav,ve-nha-di-con,0,neutral,3,3,neutral,1.703,-2.693,neutral,1.124,-2.753
ve-nha-di-con/ep01,seg00003,clips/ve-nha-di-con__ep01__seg00003.wav,ve-nha-di-con,0,neutral,3,3,neutral,0.789,-5.263,neutral,-0.159,-6.1
ve-nha-di-con/ep01,seg00004,clips/ve-nha-di-con__ep01__seg00004.wav,ve-nha-di-con,0,neutral,3,3,neutral,-0.667,-3.26,neutral,-1.239,-2.47
ve-nha-di-con/ep01,seg00005,clips/ve-nha-di-con__ep01__seg00005.wav,ve-nha-di-con,0,neutral,3,3,neutral,0.32,-0.921,neutral,0.373,-1.256
ve-nha-di-con/ep01,seg00008,clips/ve-nha-di-con__ep01__seg00008.wav,ve-nha-di-con,0,joy,4,4,anger,-1.57,6.13,anger,-1.115,5.148
ve-nha-di-con/ep01,seg00009,clips/ve-nha-di-con__ep01__seg00009.wav,ve-nha-di-con,0,neutral,2,3,neutral,-0.311,1.136,neutral,-0.914,1.21
ve-nha-di-con/ep01,seg00011,clips/ve-nha-di-con__ep01__seg00011.wav,ve-nha-di-con,0,neutral,2,4,fear_anxiety,-0.525,1.073,fear_anxiety,-0.218,0.988
ve-nha-di-con/ep01,seg00014,clips/ve-nha-di-con__ep01__seg00014.wav,ve-nha-di-con,0,neutral,4,3,neutral,-0.077,-0.193,neutral,0.38,-1.231
ve-nha-di-con/ep01,seg00015,clips/ve-nha-di-con__ep01__seg00015.wav,ve-nha-di-con,0,anger,2,4,anger,-2.124,4.748,anger,-2.174,4.015
ve-nha-di-con/ep01,seg00016,clips/ve-nha-di-con__ep01__seg00016.wav,ve-nha-di-con,0,fear_anxiety,3,3,anger,-1.165,2.715,anger,-0.83,2.09
ve-nha-di-con/ep01,seg00018,clips/ve-nha-di-con__ep01__seg00018.wav,ve-nha-di-con,0,joy,4,4,joy,2.106,7.703,joy,3.108,6.262
ve-nha-di-con/ep01,seg00019,clips/ve-nha-di-con__ep01__seg00019.wav,ve-nha-di-con,0,joy,4,4,sadness,-0.264,10.174,anger,1.407,8.746
ve-nha-di-con/ep01,seg00020,clips/ve-nha-di-con__ep01__seg00020.wav,ve-nha-di-con,0,neutral,4,4,anger,2.66,8.275,anger,1.458,7.604
ve-nha-di-con/ep01,seg00021,clips/ve-nha-di-con__ep01__seg00021.wav,ve-nha-di-con,0,neutral,3,2,neutral,3.125,-0.938,neutral,3.157,-1.424
ve-nha-di-con/ep01,seg00022,clips/ve-nha-di-con__ep01__seg00022.wav,ve-nha-di-con,0,joy,4,4,anger,1.393,3.269,anger,0.786,2.431
ve-nha-di-con/ep01,seg00023,clips/ve-nha-di-con__ep01__seg00023.wav,ve-nha-di-con,0,joy,3,3,joy,3.216,0.393,joy,3.433,0.299
ve-nha-di-con/ep01,seg00024,clips/ve-nha-di-con__ep01__seg00024.wav,ve-nha-di-con,0,anger,2,4,anger,-2.699,4.538,anger,-3.121,3.779
ve-nha-di-con/ep01,seg00027,clips/ve-nha-di-con__ep01__seg00027.wav,ve-nha-di-con,0,joy,3,4,joy,0.956,4.222,joy,0.167,3.885
ve-nha-di-con/ep01,seg00030,clips/ve-nha-di-con__ep01__seg00030.wav,ve-nha-di-con,0,fear_anxiety,2,4,neutral,0.974,-0.795,neutral,-0.236,-1.263
ve-nha-di-con/ep01,seg00031,clips/ve-nha-di-con__ep01__seg00031.wav,ve-nha-di-con,0,anger,2,4,sadness,-0.84,1.957,anger,0.08,1.832
ve-nha-di-con/ep01,seg00032,clips/ve-nha-di-con__ep01__seg00032.wav,ve-nha-di-con,0,anger,2,3,anger,-1.808,0.548,anger,-2.302,1.568
ve-nha-di-con/ep01,seg00034,clips/ve-nha-di-con__ep01__seg00034.wav,ve-nha-di-con,0,anger,2,3,neutral,-0.428,1.892,neutral,-1.948,2.341
ve-nha-di-con/ep01,seg00035,clips/ve-nha-di-con__ep01__seg00035.wav,ve-nha-di-con,0,anger,2,4,joy,-0.313,2.182,joy,-0.886,1.956
ve-nha-di-con/ep01,seg00036,clips/ve-nha-di-con__ep01__seg00036.wav,ve-nha-di-con,0,neutral,3,4,anger,-1.155,0.314,anger,-0.656,-0.738
ve-nha-di-con/ep01,seg00037,clips/ve-nha-di-con__ep01__seg00037.wav,ve-nha-di-con,0,anger,2,3,anger,0.978,2.337,anger,-0.476,2.667
ve-nha-di-con/ep01,seg00038,clips/ve-nha-di-con__ep01__seg00038.wav,ve-nha-di-con,0,anger,3,3,sadness,3.085,0.261,sadness,2.337,-0.246
ve-nha-di-con/ep01,seg00039,clips/ve-nha-di-con__ep01__seg00039.wav,ve-nha-di-con,0,sadness,2,3,neutral,-2.535,-0.211,neutral,-2.428,-0.318
ve-nha-di-con/ep01,seg00040,clips/ve-nha-di-con__ep01__seg00040.wav,ve-nha-di-con,0,anger,2,4,sadness,-3.079,0.039,sadness,-2.12,0.182
ve-nha-di-con/ep01,seg00041,clips/ve-nha-di-con__ep01__seg00041.wav,ve-nha-di-con,0,anger,2,4,joy,5.287,4.065,joy,5.005,3.43
ve-nha-di-con/ep01,seg00042,clips/ve-nha-di-con__ep01__seg00042.wav,ve-nha-di-con,0,anger,2,4,anger,-2.977,0.222,anger,-1.612,-0.39
ve-nha-di-con/ep01,seg00043,clips/ve-nha-di-con__ep01__seg00043.wav,ve-nha-di-con,0,anger,2,3,anger,-1.17,5.758,anger,-1.09,5.567
ve-nha-di-con/ep01,seg00045,clips/ve-nha-di-con__ep01__seg00045.wav,ve-nha-di-con,0,neutral,3,3,anger,-1.263,2.945,anger,-1.742,3.206
ve-nha-di-con/ep01,seg00046,clips/ve-nha-di-con__ep01__seg00046.wav,ve-nha-di-con,0,neutral,3,3,fear_anxiety,1.876,1.123,fear_anxiety,2.853,0.842
ve-nha-di-con/ep01,seg00047,clips/ve-nha-di-con__ep01__seg00047.wav,ve-nha-di-con,0,anger,2,4,anger,1.404,1.919,anger,1.166,0.771
ve-nha-di-con/ep01,seg00049,clips/ve-nha-di-con__ep01__seg00049.wav,ve-nha-di-con,0,fear_anxiety,2,3,fear_anxiety,-1.317,0.695,anger,-1.965,1.344
ve-nha-di-con/ep01,seg00050,clips/ve-nha-di-con__ep01__seg00050.wav,ve-nha-di-con,0,sadness,3,3,neutral,-0.356,2.116,neutral,0.708,2.687
ve-nha-di-con/ep01,seg00051,clips/ve-nha-di-con__ep01__seg00051.wav,ve-nha-di-con,0,neutral,3,3,anger,-0.019,-1.024,anger,-0.126,-0.978
ve-nha-di-con/ep01,seg00053,clips/ve-nha-di-con__ep01__seg00053.wav,ve-nha-di-con,0,neutral,3,3,neutral,1.869,0.815,neutral,2.092,0.862
ve-nha-di-con/ep01,seg00055,clips/ve-nha-di-con__ep01__seg00055.wav,ve-nha-di-con,0,fear_anxiety,2,4,anger,-9.417,8.817,anger,-9.648,8.6
ve-nha-di-con/ep01,seg00056,clips/ve-nha-di-con__ep01__seg00056.wav,ve-nha-di-con,0,fear_anxiety,1,4,fear_anxiety,-1.108,4.897,fear_anxiety,-0.065,3.573
ve-nha-di-con/ep01,seg00057,clips/ve-nha-di-con__ep01__seg00057.wav,ve-nha-di-con,0,fear_anxiety,3,3,anger,-0.489,4.748,anger,-1.719,4.25
ve-nha-di-con/ep01,seg00058,clips/ve-nha-di-con__ep01__seg00058.wav,ve-nha-di-con,0,neutral,3,2,neutral,1.434,-2.872,neutral,1.587,-2.443
ve-nha-di-con/ep01,seg00059,clips/ve-nha-di-con__ep01__seg00059.wav,ve-nha-di-con,0,fear_anxiety,2,4,sadness,-4.23,2.409,sadness,-4.462,2.866
ve-nha-di-con/ep01,seg00060,clips/ve-nha-di-con__ep01__seg00060.wav,ve-nha-di-con,0,fear_anxiety,2,4,fear_anxiety,-1.739,11.333,fear_anxiety,-1.592,10.409
ve-nha-di-con/ep01,seg00064,clips/ve-nha-di-con__ep01__seg00064.wav,ve-nha-di-con,0,fear_anxiety,2,3,fear_anxiety,-2.146,-3.207,neutral,-1.46,-2.051
ve-nha-di-con/ep01,seg00065,clips/ve-nha-di-con__ep01__seg00065.wav,ve-nha-di-con,0,sadness,2,2,neutral,0.986,-3.744,neutral,1.357,-4.306
ve-nha-di-con/ep01,seg00066,clips/ve-nha-di-con__ep01__seg00066.wav,ve-nha-di-con,0,fear_anxiety,3,4,anger,-2.53,3.75,anger,-4.082,4.872
ve-nha-di-con/ep01,seg00067,clips/ve-nha-di-con__ep01__seg00067.wav,ve-nha-di-con,0,anger,2,4,anger,-3.713,0.1,anger,-4.108,0.573
ve-nha-di-con/ep01,seg00068,clips/ve-nha-di-con__ep01__seg00068.wav,ve-nha-di-con,0,anger,3,3,fear_anxiety,-1.328,-3.246,fear_anxiety,-0.668,-3.904
ve-nha-di-con/ep01,seg00069,clips/ve-nha-di-con__ep01__seg00069.wav,ve-nha-di-con,0,fear_anxiety,3,3,sadness,0.163,-1.411,sadness,-0.773,-2.133
ve-nha-di-con/ep01,seg00070,clips/ve-nha-di-con__ep01__seg00070.wav,ve-nha-di-con,0,anger,2,4,anger,1.462,4.171,anger,1.381,4.571
ve-nha-di-con/ep01,seg00071,clips/ve-nha-di-con__ep01__seg00071.wav,ve-nha-di-con,0,sadness,2,3,fear_anxiety,-2.216,0.949,fear_anxiety,-2.297,1.119
ve-nha-di-con/ep01,seg00072,clips/ve-nha-di-con__ep01__seg00072.wav,ve-nha-di-con,0,anger,1,5,fear_anxiety,-1.38,5.564,fear_anxiety,-1.878,5.286
ve-nha-di-con/ep01,seg00073,clips/ve-nha-di-con__ep01__seg00073.wav,ve-nha-di-con,0,sadness,2,2,anger,0.904,-2.232,fear_anxiety,-1.078,-2.527
ve-nha-di-con/ep01,seg00074,clips/ve-nha-di-con__ep01__seg00074.wav,ve-nha-di-con,0,anger,2,4,anger,-0.869,4.265,anger,-0.445,3.683
ve-nha-di-con/ep01,seg00075,clips/ve-nha-di-con__ep01__seg00075.wav,ve-nha-di-con,0,sadness,2,4,anger,-2.844,1.976,anger,-1.523,1.412
ve-nha-di-con/ep01,seg00076,clips/ve-nha-di-con__ep01__seg00076.wav,ve-nha-di-con,0,neutral,4,3,sadness,0.006,-6.628,sadness,1.703,-5.41
ve-nha-di-con/ep01,seg00077,clips/ve-nha-di-con__ep01__seg00077.wav,ve-nha-di-con,0,neutral,3,3,neutral,5.5,-5.145,neutral,3.546,-4.738
ve-nha-di-con/ep01,seg00078,clips/ve-nha-di-con__ep01__seg00078.wav,ve-nha-di-con,0,sadness,3,2,sadness,-1.882,-10.136,sadness,-5.132,-9.518
ve-nha-di-con/ep01,seg00079,clips/ve-nha-di-con__ep01__seg00079.wav,ve-nha-di-con,0,neutral,3,3,fear_anxiety,0.283,-1.773,fear_anxiety,-0.058,-1.736
ve-nha-di-con/ep01,seg00080,clips/ve-nha-di-con__ep01__seg00080.wav,ve-nha-di-con,0,neutral,3,3,joy,1.699,-3.131,joy,1.022,-2.968
ve-nha-di-con/ep01,seg00081,clips/ve-nha-di-con__ep01__seg00081.wav,ve-nha-di-con,0,joy,4,3,neutral,0.22,-0.268,neutral,0.664,-1.079
ve-nha-di-con/ep01,seg00082,clips/ve-nha-di-con__ep01__seg00082.wav,ve-nha-di-con,0,joy,4,3,fear_anxiety,-0.881,-2.807,neutral,0.011,-3.411
ve-nha-di-con/ep01,seg00083,clips/ve-nha-di-con__ep01__seg00083.wav,ve-nha-di-con,0,joy,3,2,joy,-0.039,1.736,joy,1.398,1.409
ve-nha-di-con/ep01,seg00084,clips/ve-nha-di-con__ep01__seg00084.wav,ve-nha-di-con,0,neutral,3,3,sadness,-2.964,1.639,fear_anxiety,-2.488,1.853
ve-nha-di-con/ep01,seg00085,clips/ve-nha-di-con__ep01__seg00085.wav,ve-nha-di-con,0,sadness,3,2,neutral,-1.2,-3.399,neutral,-1.731,-2.565
ve-nha-di-con/ep01,seg00086,clips/ve-nha-di-con__ep01__seg00086.wav,ve-nha-di-con,0,sadness,2,3,joy,-0.136,-2.461,neutral,-1.28,-2.302
ve-nha-di-con/ep01,seg00087,clips/ve-nha-di-con__ep01__seg00087.wav,ve-nha-di-con,0,fear_anxiety,2,4,sadness,-1.369,1.42,sadness,-0.792,1.775
ve-nha-di-con/ep01,seg00088,clips/ve-nha-di-con__ep01__seg00088.wav,ve-nha-di-con,0,fear_anxiety,2,4,neutral,-0.005,2.326,neutral,-0.533,2.227
ve-nha-di-con/ep01,seg00089,clips/ve-nha-di-con__ep01__seg00089.wav,ve-nha-di-con,0,fear_anxiety,2,3,sadness,0.326,-1.936,sadness,0.308,-1.551
ve-nha-di-con/ep01,seg00091,clips/ve-nha-di-con__ep01__seg00091.wav,ve-nha-di-con,0,neutral,3,3,neutral,-0.076,-0.641,neutral,0.519,-1.994
ve-nha-di-con/ep01,seg00092,clips/ve-nha-di-con__ep01__seg00092.wav,ve-nha-di-con,0,neutral,4,3,joy,1.024,0.491,joy,1.329,-0.124
ve-nha-di-con/ep01,seg00093,clips/ve-nha-di-con__ep01__seg00093.wav,ve-nha-di-con,0,fear_anxiety,3,4,anger,-1.644,1.567,anger,-2.124,1.567
ve-nha-di-con/ep01,seg00094,clips/ve-nha-di-con__ep01__seg00094.wav,ve-nha-di-con,0,fear_anxiety,2,4,sadness,-3.858,0.513,anger,-3.856,-0.611
ve-nha-di-con/ep01,seg00095,clips/ve-nha-di-con__ep01__seg00095.wav,ve-nha-di-con,0,joy,4,4,anger,2.342,1.392,sadness,0.045,2.098
ve-nha-di-con/ep01,seg00096,clips/ve-nha-di-con__ep01__seg00096.wav,ve-nha-di-con,0,fear_anxiety,1,5,sadness,-4.555,3.281,sadness,-3.748,3.645
ve-nha-di-con/ep01,seg00097,clips/ve-nha-di-con__ep01__seg00097.wav,ve-nha-di-con,0,sadness,2,3,fear_anxiety,0.921,-1.34,fear_anxiety,0.717,-1.064
ve-nha-di-con/ep01,seg00098,clips/ve-nha-di-con__ep01__seg00098.wav,ve-nha-di-con,0,neutral,3,3,anger,2.04,-1.505,anger,0.022,-0.816
ve-nha-di-con/ep01,seg00099,clips/ve-nha-di-con__ep01__seg00099.wav,ve-nha-di-con,0,fear_anxiety,2,3,fear_anxiety,0.028,-0.364,fear_anxiety,0.306,-1.413
ve-nha-di-con/ep01,seg00100,clips/ve-nha-di-con__ep01__seg00100.wav,ve-nha-di-con,0,anger,2,4,anger,-0.611,4.535,anger,-1.731,4.739
ve-nha-di-con/ep01,seg00101,clips/ve-nha-di-con__ep01__seg00101.wav,ve-nha-di-con,0,anger,2,4,anger,-4.201,3.713,anger,-4.522,2.727
ve-nha-di-con/ep01,seg00102,clips/ve-nha-di-con__ep01__seg00102.wav,ve-nha-di-con,0,anger,2,4,joy,5.11,3.907,joy,3.12,4.131
ve-nha-di-con/ep01,seg00104,clips/ve-nha-di-con__ep01__seg00104.wav,ve-nha-di-con,0,fear_anxiety,2,4,anger,-1.095,3.04,fear_anxiety,-0.701,2.583
ve-nha-di-con/ep01,seg00105,clips/ve-nha-di-con__ep01__seg00105.wav,ve-nha-di-con,0,fear_anxiety,2,5,sadness,1.367,3.375,sadness,0.972,3.445
ve-nha-di-con/ep01,seg00106,clips/ve-nha-di-con__ep01__seg00106.wav,ve-nha-di-con,0,anger,2,4,anger,-3.116,7.24,anger,-4.493,7.526
ve-nha-di-con/ep01,seg00107,clips/ve-nha-di-con__ep01__seg00107.wav,ve-nha-di-con,0,anger,3,4,anger,-3.031,2.618,anger,-3.324,2.326
ve-nha-di-con/ep01,seg00108,clips/ve-nha-di-con__ep01__seg00108.wav,ve-nha-di-con,0,fear_anxiety,3,3,anger,-2.84,0.391,anger,-3.507,0.081
ve-nha-di-con/ep01,seg00110,clips/ve-nha-di-con__ep01__seg00110.wav,ve-nha-di-con,0,joy,4,4,neutral,2.981,-0.549,neutral,3.067,-0.413
ve-nha-di-con/ep01,seg00111,clips/ve-nha-di-con__ep01__seg00111.wav,ve-nha-di-con,0,neutral,3,3,neutral,2.357,-0.101,neutral,1.443,-1.306
ve-nha-di-con/ep01,seg00113,clips/ve-nha-di-con__ep01__seg00113.wav,ve-nha-di-con,0,fear_anxiety,2,3,fear_anxiety,-0.833,-2.193,fear_anxiety,-0.273,-2.943
ve-nha-di-con/ep01,seg00114,clips/ve-nha-di-con__ep01__seg00114.wav,ve-nha-di-con,0,neutral,3,3,fear_anxiety,-1.187,-3.387,fear_anxiety,0.179,-4.228
ve-nha-di-con/ep01,seg00115,clips/ve-nha-di-con__ep01__seg00115.wav,ve-nha-di-con,0,sadness,3,3,sadness,-3.321,-0.816,sadness,-3.001,-0.54
ve-nha-di-con/ep01,seg00123,clips/ve-nha-di-con__ep01__seg00123.wav,ve-nha-di-con,0,joy,4,4,joy,1.643,3.646,joy,1.795,2.501
ve-nha-di-con/ep01,seg00131,clips/ve-nha-di-con__ep01__seg00131.wav,ve-nha-di-con,0,neutral,3,3,neutral,-0.152,-0.396,sadness,-0.317,-1.568
ve-nha-di-con/ep01,seg00132,clips/ve-nha-di-con__ep01__seg00132.wav,ve-nha-di-con,0,sadness,3,3,sadness,-1.445,-5.618,sadness,-2.101,-5.764
ve-nha-di-con/ep01,seg00135,clips/ve-nha-di-con__ep01__seg00135.wav,ve-nha-di-con,0,anger,2,4,fear_anxiety,-2.222,4.831,anger,-1.728,4.074
ve-nha-di-con/ep01,seg00136,clips/ve-nha-di-con__ep01__seg00136.wav,ve-nha-di-con,0,joy,4,3,sadness,1.431,-0.968,sadness,1.115,-0.916
ve-nha-di-con/ep01,seg00137,clips/ve-nha-di-con__ep01__seg00137.wav,ve-nha-di-con,0,sadness,3,3,sadness,0.502,3.614,sadness,0.107,3.147
ve-nha-di-con/ep01,seg00138,clips/ve-nha-di-con__ep01__seg00138.wav,ve-nha-di-con,0,sadness,3,3,neutral,1.008,0.08,neutral,2.512,-0.578
ve-nha-di-con/ep01,seg00139,clips/ve-nha-di-con__ep01__seg00139.wav,ve-nha-di-con,0,sadness,2,3,neutral,1.565,-4.92,neutral,0.621,-4.625
ve-nha-di-con/ep01,seg00140,clips/ve-nha-di-con__ep01__seg00140.wav,ve-nha-di-con,0,anger,2,3,joy,-0.162,0.305,joy,0.333,-0.872
ve-nha-di-con/ep01,seg00141,clips/ve-nha-di-con__ep01__seg00141.wav,ve-nha-di-con,0,joy,4,4,anger,-2.615,1.766,neutral,-2.401,1.334
ve-nha-di-con/ep01,seg00142,clips/ve-nha-di-con__ep01__seg00142.wav,ve-nha-di-con,0,neutral,4,3,joy,1.328,-1.391,joy,1.598,-1.415
ve-nha-di-con/ep01,seg00143,clips/ve-nha-di-con__ep01__seg00143.wav,ve-nha-di-con,0,joy,4,3,neutral,3.349,1.069,joy,3.205,0.147
ve-nha-di-con/ep01,seg00144,clips/ve-nha-di-con__ep01__seg00144.wav,ve-nha-di-con,0,joy,3,3,sadness,0.733,-1.262,sadness,1.895,-1.91
ve-nha-di-con/ep01,seg00146,clips/ve-nha-di-con__ep01__seg00146.wav,ve-nha-di-con,0,neutral,4,4,joy,1.256,-2.566,joy,0.316,-2.474
ve-nha-di-con/ep01,seg00147,clips/ve-nha-di-con__ep01__seg00147.wav,ve-nha-di-con,0,neutral,3,3,joy,1.852,-1.111,joy,2.576,-1.321
ve-nha-di-con/ep01,seg00148,clips/ve-nha-di-con__ep01__seg00148.wav,ve-nha-di-con,0,joy,4,4,joy,1.947,2.098,joy,2.395,1.04
ve-nha-di-con/ep01,seg00149,clips/ve-nha-di-con__ep01__seg00149.wav,ve-nha-di-con,0,joy,4,3,sadness,0.968,1.895,joy,1.03,1.672
ve-nha-di-con/ep01,seg00150,clips/ve-nha-di-con__ep01__seg00150.wav,ve-nha-di-con,0,sadness,2,4,anger,-0.808,1.95,anger,-0.385,0.405
ve-nha-di-con/ep01,seg00151,clips/ve-nha-di-con__ep01__seg00151.wav,ve-nha-di-con,0,neutral,3,3,neutral,2.753,-2.778,neutral,3.31,-2.674
ve-nha-di-con/ep01,seg00152,clips/ve-nha-di-con__ep01__seg00152.wav,ve-nha-di-con,0,joy,4,4,joy,3.258,2.092,joy,4.329,1.329
ve-nha-di-con/ep01,seg00154,clips/ve-nha-di-con__ep01__seg00154.wav,ve-nha-di-con,0,anger,2,4,anger,-3.21,4.529,anger,-2.776,4.112
ve-nha-di-con/ep01,seg00155,clips/ve-nha-di-con__ep01__seg00155.wav,ve-nha-di-con,0,fear_anxiety,2,4,sadness,-1.357,0.138,sadness,-1.445,-0.442
ve-nha-di-con/ep01,seg00156,clips/ve-nha-di-con__ep01__seg00156.wav,ve-nha-di-con,0,fear_anxiety,3,3,sadness,-1.728,-0.887,sadness,-1.589,-1.342
ve-nha-di-con/ep01,seg00157,clips/ve-nha-di-con__ep01__seg00157.wav,ve-nha-di-con,0,anger,2,4,sadness,-1.775,4.991,sadness,-2.531,4.323
ve-nha-di-con/ep01,seg00158,clips/ve-nha-di-con__ep01__seg00158.wav,ve-nha-di-con,0,anger,2,4,anger,-1.455,5.281,joy,-1.042,4.515
ve-nha-di-con/ep01,seg00159,clips/ve-nha-di-con__ep01__seg00159.wav,ve-nha-di-con,0,anger,2,4,fear_anxiety,-0.753,9.278,fear_anxiety,-0.953,8.576
ve-nha-di-con/ep01,seg00160,clips/ve-nha-di-con__ep01__seg00160.wav,ve-nha-di-con,0,fear_anxiety,2,4,fear_anxiety,-2.715,1.477,fear_anxiety,-1.775,0.5
ve-nha-di-con/ep01,seg00162,clips/ve-nha-di-con__ep01__seg00162.wav,ve-nha-di-con,0,anger,2,3,joy,1.163,4.777,joy,1.708,3.775
ve-nha-di-con/ep01,seg00165,clips/ve-nha-di-con__ep01__seg00165.wav,ve-nha-di-con,0,fear_anxiety,2,4,sadness,1.015,5.525,sadness,2.089,5.299
ve-nha-di-con/ep01,seg00169,clips/ve-nha-di-con__ep01__seg00169.wav,ve-nha-di-con,0,anger,2,4,joy,1.65,5.471,anger,2.274,5.134
ve-nha-di-con/ep01,seg00170,clips/ve-nha-di-con__ep01__seg00170.wav,ve-nha-di-con,0,sadness,3,3,sadness,-1.17,-3.374,sadness,-2.746,-2.65
ve-nha-di-con/ep01,seg00171,clips/ve-nha-di-con__ep01__seg00171.wav,ve-nha-di-con,0,fear_anxiety,3,3,neutral,-0.838,-1.003,neutral,-0.4,-1.453
ve-nha-di-con/ep01,seg00172,clips/ve-nha-di-con__ep01__seg00172.wav,ve-nha-di-con,0,sadness,2,3,neutral,1.765,-1.228,neutral,2.063,-1.498
ve-nha-di-con/ep01,seg00173,clips/ve-nha-di-con__ep01__seg00173.wav,ve-nha-di-con,0,sadness,3,3,neutral,2.252,-1.662,neutral,2.195,-1.337
ve-nha-di-con/ep01,seg00174,clips/ve-nha-di-con__ep01__seg00174.wav,ve-nha-di-con,0,sadness,3,3,sadness,-0.159,-4.051,sadness,-1.648,-4.46
ve-nha-di-con/ep01,seg00175,clips/ve-nha-di-con__ep01__seg00175.wav,ve-nha-di-con,0,anger,2,4,anger,-1.328,5.726,anger,-0.808,5.713
ve-nha-di-con/ep01,seg00176,clips/ve-nha-di-con__ep01__seg00176.wav,ve-nha-di-con,0,fear_anxiety,3,3,fear_anxiety,1.994,-2.033,fear_anxiety,1.574,-1.482
ve-nha-di-con/ep01,seg00179,clips/ve-nha-di-con__ep01__seg00179.wav,ve-nha-di-con,0,anger,3,3,anger,0.228,0.869,anger,-0.333,0.646
ve-nha-di-con/ep01,seg00181,clips/ve-nha-di-con__ep01__seg00181.wav,ve-nha-di-con,0,joy,3,3,joy,1.422,5.522,joy,3.236,3.296
ve-nha-di-con/ep01,seg00182,clips/ve-nha-di-con__ep01__seg00182.wav,ve-nha-di-con,0,joy,3,4,anger,-3.681,4.879,anger,-3.281,5.92
ve-nha-di-con/ep01,seg00183,clips/ve-nha-di-con__ep01__seg00183.wav,ve-nha-di-con,0,neutral,3,3,fear_anxiety,-0.371,1.347,fear_anxiety,1.21,1.167
ve-nha-di-con/ep01,seg00185,clips/ve-nha-di-con__ep01__seg00185.wav,ve-nha-di-con,0,joy,4,4,joy,0.738,2.407,joy,1.927,1.846
ve-nha-di-con/ep01,seg00187,clips/ve-nha-di-con__ep01__seg00187.wav,ve-nha-di-con,0,anger,2,5,anger,-2.825,0.807,anger,-4.381,-0.118
ve-nha-di-con/ep01,seg00188,clips/ve-nha-di-con__ep01__seg00188.wav,ve-nha-di-con,0,anger,1,5,anger,-5.05,4.731,anger,-4.788,3.717
ve-nha-di-con/ep01,seg00189,clips/ve-nha-di-con__ep01__seg00189.wav,ve-nha-di-con,0,joy,4,3,joy,4.687,1.944,joy,4.317,1.807
ve-nha-di-con/ep01,seg00190,clips/ve-nha-di-con__ep01__seg00190.wav,ve-nha-di-con,0,joy,3,3,anger,1.534,3.326,anger,1.352,3.244
ve-nha-di-con/ep01,seg00191,clips/ve-nha-di-con__ep01__seg00191.wav,ve-nha-di-con,0,fear_anxiety,2,3,joy,0.854,-2.658,joy,0.077,-2.426
ve-nha-di-con/ep01,seg00193,clips/ve-nha-di-con__ep01__seg00193.wav,ve-nha-di-con,0,sadness,2,4,fear_anxiety,-0.496,5.592,fear_anxiety,-0.689,4.611
ve-nha-di-con/ep01,seg00194,clips/ve-nha-di-con__ep01__seg00194.wav,ve-nha-di-con,0,neutral,3,3,sadness,0.163,-1.56,sadness,-0.965,-1.85
ve-nha-di-con/ep01,seg00195,clips/ve-nha-di-con__ep01__seg00195.wav,ve-nha-di-con,0,sadness,3,3,anger,-2.513,-0.514,anger,-3.138,0.106
ve-nha-di-con/ep01,seg00196,clips/ve-nha-di-con__ep01__seg00196.wav,ve-nha-di-con,0,fear_anxiety,2,3,sadness,-3.165,4.861,anger,-3.938,5.185
ve-nha-di-con/ep01,seg00197,clips/ve-nha-di-con__ep01__seg00197.wav,ve-nha-di-con,0,neutral,4,4,fear_anxiety,0.164,0.414,joy,0.675,-0.179
ve-nha-di-con/ep01,seg00199,clips/ve-nha-di-con__ep01__seg00199.wav,ve-nha-di-con,0,anger,4,4,anger,-0.925,6.211,anger,-0.837,5.58
ve-nha-di-con/ep01,seg00201,clips/ve-nha-di-con__ep01__seg00201.wav,ve-nha-di-con,0,joy,4,4,joy,3.751,10.458,joy,3.511,9.695
ve-nha-di-con/ep01,seg00202,clips/ve-nha-di-con__ep01__seg00202.wav,ve-nha-di-con,0,sadness,2,2,sadness,-0.03,1.877,sadness,-0.965,1.487
ve-nha-di-con/ep01,seg00204,clips/ve-nha-di-con__ep01__seg00204.wav,ve-nha-di-con,0,fear_anxiety,2,3,anger,-0.008,1.461,anger,0.08,1.989
ve-nha-di-con/ep01,seg00207,clips/ve-nha-di-con__ep01__seg00207.wav,ve-nha-di-con,0,joy,4,4,joy,0.535,7.031,joy,0.451,6.461
ve-nha-di-con/ep01,seg00209,clips/ve-nha-di-con__ep01__seg00209.wav,ve-nha-di-con,0,joy,2,4,anger,-3.229,3.462,anger,-2.757,3.675
ve-nha-di-con/ep01,seg00210,clips/ve-nha-di-con__ep01__seg00210.wav,ve-nha-di-con,0,fear_anxiety,2,3,sadness,-0.781,-0.32,sadness,0.003,-1.708
ve-nha-di-con/ep01,seg00211,clips/ve-nha-di-con__ep01__seg00211.wav,ve-nha-di-con,0,anger,2,3,fear_anxiety,-2.315,4.908,fear_anxiety,-1.431,3.685
ve-nha-di-con/ep01,seg00212,clips/ve-nha-di-con__ep01__seg00212.wav,ve-nha-di-con,0,anger,2,4,fear_anxiety,0.281,5.073,anger,0.6,4.279
ve-nha-di-con/ep01,seg00213,clips/ve-nha-di-con__ep01__seg00213.wav,ve-nha-di-con,0,fear_anxiety,2,5,anger,-1.926,2.829,sadness,-1.207,1.973
ve-nha-di-con/ep01,seg00214,clips/ve-nha-di-con__ep01__seg00214.wav,ve-nha-di-con,0,anger,2,3,anger,0.716,5.808,anger,1.151,4.704
ve-nha-di-con/ep03,seg00008,clips/ve-nha-di-con__ep03__seg00008.wav,ve-nha-di-con,0,anger,2,4,anger,-0.062,2.167,fear_anxiety,-0.561,1.152
chay-tron-thanh-xuan/ep03_1,seg00118,clips/chay-tron-thanh-xuan__ep03_1__seg00118.wav,chay-tron-thanh-xuan,1,neutral,2,4,neutral,-1.158,-0.45,neutral,0.489,-1.161
chay-tron-thanh-xuan/ep03_1,seg00120,clips/chay-tron-thanh-xuan__ep03_1__seg00120.wav,chay-tron-thanh-xuan,1,fear_anxiety,2,4,anger,-0.358,-1.665,anger,-1.869,-0.425
chay-tron-thanh-xuan/ep03_1,seg00121,clips/chay-tron-thanh-xuan__ep03_1__seg00121.wav,chay-tron-thanh-xuan,1,neutral,2,4,neutral,-0.891,1.773,fear_anxiety,-0.383,1.629
chay-tron-thanh-xuan/ep03_1,seg00122,clips/chay-tron-thanh-xuan__ep03_1__seg00122.wav,chay-tron-thanh-xuan,1,neutral,3,3,neutral,0.359,1.553,anger,-0.694,0.445
chay-tron-thanh-xuan/ep03_1,seg00123,clips/chay-tron-thanh-xuan__ep03_1__seg00123.wav,chay-tron-thanh-xuan,1,sadness,2,3,neutral,1.632,-1.44,neutral,1.082,-0.899
chay-tron-thanh-xuan/ep03_1,seg00124,clips/chay-tron-thanh-xuan__ep03_1__seg00124.wav,chay-tron-thanh-xuan,1,neutral,2,3,neutral,0.651,-2.232,neutral,2.387,-2.533
chay-tron-thanh-xuan/ep03_1,seg00125,clips/chay-tron-thanh-xuan__ep03_1__seg00125.wav,chay-tron-thanh-xuan,1,neutral,3,3,neutral,0.591,1.025,neutral,1.322,1.449
chay-tron-thanh-xuan/ep03_1,seg00126,clips/chay-tron-thanh-xuan__ep03_1__seg00126.wav,chay-tron-thanh-xuan,1,sadness,4,2,neutral,1.937,-2.554,neutral,0.101,-2.353
chay-tron-thanh-xuan/ep03_1,seg00128,clips/chay-tron-thanh-xuan__ep03_1__seg00128.wav,chay-tron-thanh-xuan,1,anger,2,4,neutral,-0.71,1.389,neutral,0.189,-1.561
chay-tron-thanh-xuan/ep03_1,seg00129,clips/chay-tron-thanh-xuan__ep03_1__seg00129.wav,chay-tron-thanh-xuan,1,anger,2,4,anger,-2.474,4.007,anger,0.055,0.958
chay-tron-thanh-xuan/ep03_2,seg00000,clips/chay-tron-thanh-xuan__ep03_2__seg00000.wav,chay-tron-thanh-xuan,3,neutral,3,4,fear_anxiety,0.96,2.354,sadness,-2.307,3.573
chay-tron-thanh-xuan/ep03_2,seg00001,clips/chay-tron-thanh-xuan__ep03_2__seg00001.wav,chay-tron-thanh-xuan,3,neutral,3,3,joy,-0.629,2.509,neutral,-0.104,-0.194
chay-tron-thanh-xuan/ep03_2,seg00003,clips/chay-tron-thanh-xuan__ep03_2__seg00003.wav,chay-tron-thanh-xuan,3,sadness,2,3,neutral,1.999,0.659,neutral,0.103,-0.08
chay-tron-thanh-xuan/ep03_2,seg00104,clips/chay-tron-thanh-xuan__ep03_2__seg00104.wav,chay-tron-thanh-xuan,3,joy,4,3,joy,2.626,2.292,joy,3.396,0.442
chay-tron-thanh-xuan/ep03_2,seg00006,clips/chay-tron-thanh-xuan__ep03_2__seg00006.wav,chay-tron-thanh-xuan,3,neutral,3,3,neutral,0.486,-1.62,joy,1.118,1.05
chay-tron-thanh-xuan/ep03_2,seg00037,clips/chay-tron-thanh-xuan__ep03_2__seg00037.wav,chay-tron-thanh-xuan,3,fear_anxiety,2,4,fear_anxiety,0.199,0.933,sadness,-1.842,-2.342
chay-tron-thanh-xuan/ep03_2,seg00038,clips/chay-tron-thanh-xuan__ep03_2__seg00038.wav,chay-tron-thanh-xuan,3,sadness,1,5,sadness,-0.945,4.196,joy,-0.633,2.872
chay-tron-thanh-xuan/ep03_2,seg00002,clips/chay-tron-thanh-xuan__ep03_2__seg00002.wav,chay-tron-thanh-xuan,3,neutral,3,4,anger,3.805,3.186,sadness,-1.082,0.76
chay-tron-thanh-xuan/ep03_2,seg00008,clips/chay-tron-thanh-xuan__ep03_2__seg00008.wav,chay-tron-thanh-xuan,3,neutral,3,2,joy,3.972,-0.949,sadness,1.81,-4.344
chay-tron-thanh-xuan/ep03_2,seg00009,clips/chay-tron-thanh-xuan__ep03_2__seg00009.wav,chay-tron-thanh-xuan,3,fear_anxiety,4,2,sadness,2.688,-1.088,sadness,2.869,-3.764
chay-tron-thanh-xuan/ep03_2,seg00011,clips/chay-tron-thanh-xuan__ep03_2__seg00011.wav,chay-tron-thanh-xuan,3,joy,4,4,joy,1.359,1.83,joy,1.154,-0.893
chay-tron-thanh-xuan/ep03_2,seg00105,clips/chay-tron-thanh-xuan__ep03_2__seg00105.wav,chay-tron-thanh-xuan,3,joy,4,4,joy,3.98,0.264,joy,2.236,1.553
chay-tron-thanh-xuan/ep03_2,seg00016,clips/chay-tron-thanh-xuan__ep03_2__seg00016.wav,chay-tron-thanh-xuan,3,joy,4,3,joy,4.343,-2.36,joy,4.243,-3.679
chay-tron-thanh-xuan/ep03_2,seg00106,clips/chay-tron-thanh-xuan__ep03_2__seg00106.wav,chay-tron-thanh-xuan,3,neutral,2,2,fear_anxiety,1.281,0.315,neutral,2.787,-1.996
chay-tron-thanh-xuan/ep03_2,seg00019,clips/chay-tron-thanh-xuan__ep03_2__seg00019.wav,chay-tron-thanh-xuan,3,neutral,2,3,neutral,-1.202,0.61,neutral,-1.255,-0.157
chay-tron-thanh-xuan/ep03_2,seg00020,clips/chay-tron-thanh-xuan__ep03_2__seg00020.wav,chay-tron-thanh-xuan,3,neutral,3,3,neutral,0.251,-0.894,fear_anxiety,-2.086,-0.574
chay-tron-thanh-xuan/ep03_2,seg00021,clips/chay-tron-thanh-xuan__ep03_2__seg00021.wav,chay-tron-thanh-xuan,3,sadness,2,3,sadness,-0.522,-1.848,neutral,-0.188,-1.852
chay-tron-thanh-xuan/ep03_2,seg00022,clips/chay-tron-thanh-xuan__ep03_2__seg00022.wav,chay-tron-thanh-xuan,3,neutral,3,2,sadness,-1.208,-3.075,neutral,0.572,-4.268
chay-tron-thanh-xuan/ep03_2,seg00023,clips/chay-tron-thanh-xuan__ep03_2__seg00023.wav,chay-tron-thanh-xuan,3,joy,4,4,joy,3.166,2.261,joy,0.416,1.906
chay-tron-thanh-xuan/ep03_2,seg00107,clips/chay-tron-thanh-xuan__ep03_2__seg00107.wav,chay-tron-thanh-xuan,3,neutral,4,2,neutral,-1.293,0.038,neutral,1.687,-1.008
chay-tron-thanh-xuan/ep03_2,seg00108,clips/chay-tron-thanh-xuan__ep03_2__seg00108.wav,chay-tron-thanh-xuan,3,fear_anxiety,2,3,neutral,0.102,-0.914,neutral,-2.142,2.32
chay-tron-thanh-xuan/ep03_2,seg00109,clips/chay-tron-thanh-xuan__ep03_2__seg00109.wav,chay-tron-thanh-xuan,3,fear_anxiety,2,4,fear_anxiety,-2.779,1.745,anger,-1.82,-0.112
chay-tron-thanh-xuan/ep03_2,seg00026,clips/chay-tron-thanh-xuan__ep03_2__seg00026.wav,chay-tron-thanh-xuan,3,neutral,3,3,neutral,2.811,-2.303,neutral,3.014,-3.036
chay-tron-thanh-xuan/ep03_2,seg00110,clips/chay-tron-thanh-xuan__ep03_2__seg00110.wav,chay-tron-thanh-xuan,3,anger,3,4,fear_anxiety,3.582,1.446,fear_anxiety,0.639,2.834
chay-tron-thanh-xuan/ep03_2,seg00033,clips/chay-tron-thanh-xuan__ep03_2__seg00033.wav,chay-tron-thanh-xuan,3,neutral,3,3,joy,2.742,1.455,joy,1.736,-0.791
chay-tron-thanh-xuan/ep03_2,seg00031,clips/chay-tron-thanh-xuan__ep03_2__seg00031.wav,chay-tron-thanh-xuan,3,neutral,3,4,joy,-0.22,3.678,joy,0.885,1.45
chay-tron-thanh-xuan/ep03_2,seg00041,clips/chay-tron-thanh-xuan__ep03_2__seg00041.wav,chay-tron-thanh-xuan,3,anger,1,5,sadness,-1.826,7.917,anger,0.345,3.539
chay-tron-thanh-xuan/ep03_2,seg00044,clips/chay-tron-thanh-xuan__ep03_2__seg00044.wav,chay-tron-thanh-xuan,3,neutral,3,2,sadness,-0.332,-1.655,sadness,-5.767,-2.833
chay-tron-thanh-xuan/ep03_2,seg00111,clips/chay-tron-thanh-xuan__ep03_2__seg00111.wav,chay-tron-thanh-xuan,3,neutral,2,2,neutral,1.244,-2.114,neutral,2.387,1.488
chay-tron-thanh-xuan/ep03_2,seg00112,clips/chay-tron-thanh-xuan__ep03_2__seg00112.wav,chay-tron-thanh-xuan,3,neutral,2,3,neutral,0.001,-0.283,sadness,4.398,-0.478
chay-tron-thanh-xuan/ep03_2,seg00048,clips/chay-tron-thanh-xuan__ep03_2__seg00048.wav,chay-tron-thanh-xuan,3,neutral,2,2,joy,4.083,-2.695,neutral,2.174,-3.113
chay-tron-thanh-xuan/ep03_2,seg00113,clips/chay-tron-thanh-xuan__ep03_2__seg00113.wav,chay-tron-thanh-xuan,3,neutral,2,3,sadness,-2.002,-0.857,neutral,0.488,-0.389
chay-tron-thanh-xuan/ep03_2,seg00053,clips/chay-tron-thanh-xuan__ep03_2__seg00053.wav,chay-tron-thanh-xuan,3,sadness,2,2,sadness,-2.381,0.118,sadness,-2.532,-2.661
chay-tron-thanh-xuan/ep03_2,seg00055,clips/chay-tron-thanh-xuan__ep03_2__seg00055.wav,chay-tron-thanh-xuan,3,neutral,4,3,fear_anxiety,0.47,0.278,sadness,-2.655,2.158
chay-tron-thanh-xuan/ep03_2,seg00056,clips/chay-tron-thanh-xuan__ep03_2__seg00056.wav,chay-tron-thanh-xuan,3,sadness,2,2,sadness,-2.631,-1.975,sadness,-1.038,-2.163
chay-tron-thanh-xuan/ep03_2,seg00057,clips/chay-tron-thanh-xuan__ep03_2__seg00057.wav,chay-tron-thanh-xuan,3,neutral,3,2,sadness,0.408,-2.562,sadness,-1.603,-2.882
chay-tron-thanh-xuan/ep03_2,seg00058,clips/chay-tron-thanh-xuan__ep03_2__seg00058.wav,chay-tron-thanh-xuan,3,neutral,4,2,sadness,-2.755,-2.301,sadness,-2.546,-4.049
chay-tron-thanh-xuan/ep03_2,seg00059,clips/chay-tron-thanh-xuan__ep03_2__seg00059.wav,chay-tron-thanh-xuan,3,anger,2,4,anger,-2.282,4.236,fear_anxiety,-1.547,2.881
chay-tron-thanh-xuan/ep03_2,seg00060,clips/chay-tron-thanh-xuan__ep03_2__seg00060.wav,chay-tron-thanh-xuan,3,sadness,2,2,neutral,3.097,-5.116,neutral,1.241,-5.066
chay-tron-thanh-xuan/ep03_2,seg00061,clips/chay-tron-thanh-xuan__ep03_2__seg00061.wav,chay-tron-thanh-xuan,3,neutral,2,2,neutral,0.703,-0.846,sadness,2.844,-1.618
chay-tron-thanh-xuan/ep03_2,seg00114,clips/chay-tron-thanh-xuan__ep03_2__seg00114.wav,chay-tron-thanh-xuan,3,sadness,4,4,joy,-1.687,3.931,sadness,1.892,4.018
chay-tron-thanh-xuan/ep03_2,seg00115,clips/chay-tron-thanh-xuan__ep03_2__seg00115.wav,chay-tron-thanh-xuan,3,neutral,4,3,neutral,2.589,-1.534,neutral,6.879,-1.296
chay-tron-thanh-xuan/ep03_2,seg00063,clips/chay-tron-thanh-xuan__ep03_2__seg00063.wav,chay-tron-thanh-xuan,3,neutral,2,3,anger,2.19,-0.223,anger,1.914,-0.723
chay-tron-thanh-xuan/ep03_2,seg00117,clips/chay-tron-thanh-xuan__ep03_2__seg00117.wav,chay-tron-thanh-xuan,3,neutral,3,2,neutral,0.872,-2.049,sadness,-0.67,-2.098
chay-tron-thanh-xuan/ep03_2,seg00069,clips/chay-tron-thanh-xuan__ep03_2__seg00069.wav,chay-tron-thanh-xuan,3,fear_anxiety,2,4,fear_anxiety,2.746,2.046,sadness,0.757,-0.554
chay-tron-thanh-xuan/ep03_2,seg00120,clips/chay-tron-thanh-xuan__ep03_2__seg00120.wav,chay-tron-thanh-xuan,3,neutral,4,3,neutral,-1.004,0.509,sadness,1.378,-1.43
chay-tron-thanh-xuan/ep03_2,seg00071,clips/chay-tron-thanh-xuan__ep03_2__seg00071.wav,chay-tron-thanh-xuan,3,neutral,3,2,neutral,2.843,-0.072,joy,-1.18,-0.981
chay-tron-thanh-xuan/ep03_2,seg00073,clips/chay-tron-thanh-xuan__ep03_2__seg00073.wav,chay-tron-thanh-xuan,3,sadness,3,2,neutral,3.847,-7.124,neutral,1.094,-3.555
chay-tron-thanh-xuan/ep03_2,seg00074,clips/chay-tron-thanh-xuan__ep03_2__seg00074.wav,chay-tron-thanh-xuan,3,joy,4,4,joy,9.992,6.573,joy,3.036,3.495
chay-tron-thanh-xuan/ep03_2,seg00076,clips/chay-tron-thanh-xuan__ep03_2__seg00076.wav,chay-tron-thanh-xuan,3,neutral,2,4,anger,-0.926,1.755,neutral,0.296,2.114
chay-tron-thanh-xuan/ep03_2,seg00075,clips/chay-tron-thanh-xuan__ep03_2__seg00075.wav,chay-tron-thanh-xuan,3,neutral,3,3,joy,0.291,0.519,joy,0.167,0.918
chay-tron-thanh-xuan/ep03_2,seg00077,clips/chay-tron-thanh-xuan__ep03_2__seg00077.wav,chay-tron-thanh-xuan,3,joy,4,2,sadness,1.774,-2.044,neutral,-1.459,-0.917
chay-tron-thanh-xuan/ep03_2,seg00121,clips/chay-tron-thanh-xuan__ep03_2__seg00121.wav,chay-tron-thanh-xuan,3,sadness,2,2,sadness,-1.574,-2.434,anger,-2.107,-2.348
chay-tron-thanh-xuan/ep03_2,seg00078,clips/chay-tron-thanh-xuan__ep03_2__seg00078.wav,chay-tron-thanh-xuan,3,neutral,2,3,anger,-0.115,-1.391,neutral,0.529,-2.698
chay-tron-thanh-xuan/ep03_2,seg00079,clips/chay-tron-thanh-xuan__ep03_2__seg00079.wav,chay-tron-thanh-xuan,3,neutral,3,3,neutral,3.057,-1.532,neutral,-1.466,-4.337
chay-tron-thanh-xuan/ep03_2,seg00080,clips/chay-tron-thanh-xuan__ep03_2__seg00080.wav,chay-tron-thanh-xuan,3,neutral,3,2,neutral,1.317,-2.811,neutral,1.921,-3.221
chay-tron-thanh-xuan/ep03_2,seg00083,clips/chay-tron-thanh-xuan__ep03_2__seg00083.wav,chay-tron-thanh-xuan,3,joy,4,3,neutral,1.179,-3.138,anger,-2.479,-2.369
chay-tron-thanh-xuan/ep03_2,seg00084,clips/chay-tron-thanh-xuan__ep03_2__seg00084.wav,chay-tron-thanh-xuan,3,neutral,3,3,joy,1.266,2.442,neutral,1.422,0.639
chay-tron-thanh-xuan/ep03_2,seg00123,clips/chay-tron-thanh-xuan__ep03_2__seg00123.wav,chay-tron-thanh-xuan,3,fear_anxiety,2,3,sadness,0.329,0.085,sadness,0.849,-4.024
chay-tron-thanh-xuan/ep03_2,seg00124,clips/chay-tron-thanh-xuan__ep03_2__seg00124.wav,chay-tron-thanh-xuan,3,neutral,3,3,neutral,2.498,-3.434,neutral,-0.179,-3.116
chay-tron-thanh-xuan/ep03_2,seg00089,clips/chay-tron-thanh-xuan__ep03_2__seg00089.wav,chay-tron-thanh-xuan,3,sadness,2,3,joy,1.359,1.374,neutral,1.178,-2.582
chay-tron-thanh-xuan/ep03_2,seg00091,clips/chay-tron-thanh-xuan__ep03_2__seg00091.wav,chay-tron-thanh-xuan,3,neutral,3,3,neutral,-1.927,-4.975,neutral,0.404,-4.14
chay-tron-thanh-xuan/ep03_2,seg00092,clips/chay-tron-thanh-xuan__ep03_2__seg00092.wav,chay-tron-thanh-xuan,3,neutral,3,3,neutral,0.906,0.019,neutral,2.925,-0.554
chay-tron-thanh-xuan/ep03_2,seg00125,clips/chay-tron-thanh-xuan__ep03_2__seg00125.wav,chay-tron-thanh-xuan,3,joy,4,4,joy,5.484,-1.088,sadness,2.145,-0.148
chay-tron-thanh-xuan/ep03_2,seg00098,clips/chay-tron-thanh-xuan__ep03_2__seg00098.wav,chay-tron-thanh-xuan,3,anger,1,5,sadness,-2.327,3.116,fear_anxiety,-1.387,2.662
chay-tron-thanh-xuan/ep03_2,seg00099,clips/chay-tron-thanh-xuan__ep03_2__seg00099.wav,chay-tron-thanh-xuan,3,anger,2,4,fear_anxiety,-1.211,2.988,neutral,2.469,-0.986
chay-tron-thanh-xuan/ep03_2,seg00100,clips/chay-tron-thanh-xuan__ep03_2__seg00100.wav,chay-tron-thanh-xuan,3,anger,2,4,anger,0.022,4.031,fear_anxiety,0.766,2.457
chay-tron-thanh-xuan/ep03_2,seg00128,clips/chay-tron-thanh-xuan__ep03_2__seg00128.wav,chay-tron-thanh-xuan,3,neutral,4,3,anger,-1.775,-1.972,neutral,-0.513,-4.277
chay-tron-thanh-xuan/ep03_2,seg00129,clips/chay-tron-thanh-xuan__ep03_2__seg00129.wav,chay-tron-thanh-xuan,3,neutral,3,3,joy,1.36,-2.164,neutral,2.335,-2.908
chay-tron-thanh-xuan/ep04_1,seg00119,clips/chay-tron-thanh-xuan__ep04_1__seg00119.wav,chay-tron-thanh-xuan,2,sadness,2,1,neutral,-0.553,-2.925,sadness,0.769,-0.531
chay-tron-thanh-xuan/ep04_1,seg00120,clips/chay-tron-thanh-xuan__ep04_1__seg00120.wav,chay-tron-thanh-xuan,2,neutral,3,2,sadness,-2.247,-2.571,fear_anxiety,-0.879,-2.36
chay-tron-thanh-xuan/ep04_1,seg00002,clips/chay-tron-thanh-xuan__ep04_1__seg00002.wav,chay-tron-thanh-xuan,2,neutral,3,2,sadness,0.255,-5.127,neutral,-1.039,-7.301
chay-tron-thanh-xuan/ep04_1,seg00003,clips/chay-tron-thanh-xuan__ep04_1__seg00003.wav,chay-tron-thanh-xuan,2,neutral,3,3,neutral,0.924,-4.015,neutral,5.082,-2.416
chay-tron-thanh-xuan/ep04_1,seg00121,clips/chay-tron-thanh-xuan__ep04_1__seg00121.wav,chay-tron-thanh-xuan,2,neutral,3,3,neutral,2.335,-0.945,neutral,0.511,-1.911
chay-tron-thanh-xuan/ep04_1,seg00004,clips/chay-tron-thanh-xuan__ep04_1__seg00004.wav,chay-tron-thanh-xuan,2,neutral,4,2,neutral,2.111,-3.221,neutral,-0.416,-4.43
chay-tron-thanh-xuan/ep04_1,seg00122,clips/chay-tron-thanh-xuan__ep04_1__seg00122.wav,chay-tron-thanh-xuan,2,joy,3,4,joy,2.559,3.349,joy,3.087,2.222
chay-tron-thanh-xuan/ep04_1,seg00123,clips/chay-tron-thanh-xuan__ep04_1__seg00123.wav,chay-tron-thanh-xuan,2,joy,4,3,joy,-0.257,1.519,anger,1.808,4.118
chay-tron-thanh-xuan/ep04_1,seg00007,clips/chay-tron-thanh-xuan__ep04_1__seg00007.wav,chay-tron-thanh-xuan,2,neutral,3,3,joy,1.471,2.147,neutral,1.747,1.295
chay-tron-thanh-xuan/ep04_1,seg00008,clips/chay-tron-thanh-xuan__ep04_1__seg00008.wav,chay-tron-thanh-xuan,2,neutral,3,2,neutral,1.302,-3.439,neutral,1.568,-0.555
chay-tron-thanh-xuan/ep04_1,seg00124,clips/chay-tron-thanh-xuan__ep04_1__seg00124.wav,chay-tron-thanh-xuan,2,neutral,3,3,joy,3.16,1.162,anger,0.844,2.278
chay-tron-thanh-xuan/ep04_1,seg00126,clips/chay-tron-thanh-xuan__ep04_1__seg00126.wav,chay-tron-thanh-xuan,2,neutral,3,2,joy,1.959,-2.909,neutral,0.084,-1.1
chay-tron-thanh-xuan/ep04_1,seg00011,clips/chay-tron-thanh-xuan__ep04_1__seg00011.wav,chay-tron-thanh-xuan,2,neutral,3,3,neutral,-2.981,0.129,neutral,-0.132,-0.186
chay-tron-thanh-xuan/ep04_1,seg00013,clips/chay-tron-thanh-xuan__ep04_1__seg00013.wav,chay-tron-thanh-xuan,2,neutral,2,3,sadness,0.413,-1.164,neutral,-0.081,-1.08
chay-tron-thanh-xuan/ep04_1,seg00014,clips/chay-tron-thanh-xuan__ep04_1__seg00014.wav,chay-tron-thanh-xuan,2,anger,2,3,sadness,2.086,1.028,neutral,0.785,-1.435
chay-tron-thanh-xuan/ep04_1,seg00015,clips/chay-tron-thanh-xuan__ep04_1__seg00015.wav,chay-tron-thanh-xuan,2,joy,2,3,sadness,-0.334,-1.216,fear_anxiety,1.94,-2.292
chay-tron-thanh-xuan/ep04_1,seg00127,clips/chay-tron-thanh-xuan__ep04_1__seg00127.wav,chay-tron-thanh-xuan,2,neutral,4,3,sadness,0.345,-0.878,neutral,2.364,-1.706
chay-tron-thanh-xuan/ep04_1,seg00129,clips/chay-tron-thanh-xuan__ep04_1__seg00129.wav,chay-tron-thanh-xuan,2,neutral,5,3,joy,1.545,-2.622,joy,3.448,-2.842
chay-tron-thanh-xuan/ep04_1,seg00130,clips/chay-tron-thanh-xuan__ep04_1__seg00130.wav,chay-tron-thanh-xuan,2,fear_anxiety,2,3,anger,-3.528,3.919,anger,-1.833,0.132
chay-tron-thanh-xuan/ep04_1,seg00021,clips/chay-tron-thanh-xuan__ep04_1__seg00021.wav,chay-tron-thanh-xuan,2,joy,4,4,joy,8.652,-2.004,anger,1.854,-4.009
chay-tron-thanh-xuan/ep04_1,seg00023,clips/chay-tron-thanh-xuan__ep04_1__seg00023.wav,chay-tron-thanh-xuan,2,fear_anxiety,2,3,neutral,2.106,-2.948,neutral,2.481,-1.617
chay-tron-thanh-xuan/ep04_1,seg00131,clips/chay-tron-thanh-xuan__ep04_1__seg00131.wav,chay-tron-thanh-xuan,2,joy,4,3,sadness,0.246,0.197,anger,0.282,0.328
chay-tron-thanh-xuan/ep04_1,seg00029,clips/chay-tron-thanh-xuan__ep04_1__seg00029.wav,chay-tron-thanh-xuan,2,joy,4,3,joy,4.337,0.129,joy,3.829,-1.554
chay-tron-thanh-xuan/ep04_1,seg00030,clips/chay-tron-thanh-xuan__ep04_1__seg00030.wav,chay-tron-thanh-xuan,2,joy,4,3,fear_anxiety,1.035,-3.119,neutral,2.82,-2.638
chay-tron-thanh-xuan/ep04_1,seg00031,clips/chay-tron-thanh-xuan__ep04_1__seg00031.wav,chay-tron-thanh-xuan,2,neutral,2,4,neutral,1.788,0.597,sadness,0.176,-1.331
chay-tron-thanh-xuan/ep04_1,seg00032,clips/chay-tron-thanh-xuan__ep04_1__seg00032.wav,chay-tron-thanh-xuan,2,neutral,3,3,joy,3.827,-3.056,joy,4.753,-1.266
chay-tron-thanh-xuan/ep04_1,seg00033,clips/chay-tron-thanh-xuan__ep04_1__seg00033.wav,chay-tron-thanh-xuan,2,neutral,4,3,joy,3.269,0.04,joy,4.903,4.115
chay-tron-thanh-xuan/ep04_1,seg00035,clips/chay-tron-thanh-xuan__ep04_1__seg00035.wav,chay-tron-thanh-xuan,2,joy,4,4,joy,1.674,1.672,joy,-0.53,4.227
chay-tron-thanh-xuan/ep04_1,seg00036,clips/chay-tron-thanh-xuan__ep04_1__seg00036.wav,chay-tron-thanh-xuan,2,sadness,2,2,fear_anxiety,2.177,-2.969,sadness,0.276,-2.664
chay-tron-thanh-xuan/ep04_1,seg00037,clips/chay-tron-thanh-xuan__ep04_1__seg00037.wav,chay-tron-thanh-xuan,2,fear_anxiety,2,3,fear_anxiety,-1.885,-4.562,sadness,1.129,-5.958
chay-tron-thanh-xuan/ep04_1,seg00038,clips/chay-tron-thanh-xuan__ep04_1__seg00038.wav,chay-tron-thanh-xuan,2,anger,2,4,neutral,0.321,-0.593,joy,1.02,0.042
chay-tron-thanh-xuan/ep04_1,seg00040,clips/chay-tron-thanh-xuan__ep04_1__seg00040.wav,chay-tron-thanh-xuan,2,anger,2,4,sadness,0.541,0.936,joy,-1.606,0.907
chay-tron-thanh-xuan/ep04_1,seg00041,clips/chay-tron-thanh-xuan__ep04_1__seg00041.wav,chay-tron-thanh-xuan,2,anger,2,5,anger,-4.317,4.517,anger,-0.301,2.269
chay-tron-thanh-xuan/ep04_1,seg00042,clips/chay-tron-thanh-xuan__ep04_1__seg00042.wav,chay-tron-thanh-xuan,2,anger,1,5,anger,-3.07,6.841,joy,0.895,2.345
chay-tron-thanh-xuan/ep04_1,seg00043,clips/chay-tron-thanh-xuan__ep04_1__seg00043.wav,chay-tron-thanh-xuan,2,neutral,3,3,sadness,-1.412,-0.08,sadness,0.633,-3.687
chay-tron-thanh-xuan/ep04_1,seg00044,clips/chay-tron-thanh-xuan__ep04_1__seg00044.wav,chay-tron-thanh-xuan,2,sadness,2,3,neutral,-1.446,-0.856,fear_anxiety,-0.968,-2.233
chay-tron-thanh-xuan/ep04_1,seg00047,clips/chay-tron-thanh-xuan__ep04_1__seg00047.wav,chay-tron-thanh-xuan,2,sadness,2,3,neutral,-1.078,0.679,neutral,-2.673,-1.336
chay-tron-thanh-xuan/ep04_1,seg00048,clips/chay-tron-thanh-xuan__ep04_1__seg00048.wav,chay-tron-thanh-xuan,2,neutral,3,3,fear_anxiety,-1.641,-1.506,fear_anxiety,-3.656,-4.497
chay-tron-thanh-xuan/ep04_1,seg00132,clips/chay-tron-thanh-xuan__ep04_1__seg00132.wav,chay-tron-thanh-xuan,2,sadness,2,3,sadness,0.193,-4.759,fear_anxiety,-0.439,-4.735
chay-tron-thanh-xuan/ep04_1,seg00057,clips/chay-tron-thanh-xuan__ep04_1__seg00057.wav,chay-tron-thanh-xuan,2,fear_anxiety,1,5,anger,-3.531,6.281,sadness,-2.768,4.679
chay-tron-thanh-xuan/ep04_1,seg00050,clips/chay-tron-thanh-xuan__ep04_1__seg00050.wav,chay-tron-thanh-xuan,2,fear_anxiety,4,4,neutral,0.575,-0.179,neutral,-3.153,-3.832
chay-tron-thanh-xuan/ep04_1,seg00051,clips/chay-tron-thanh-xuan__ep04_1__seg00051.wav,chay-tron-thanh-xuan,2,neutral,4,4,anger,-1.038,1.136,anger,-1.513,-1.956
chay-tron-thanh-xuan/ep04_1,seg00061,clips/chay-tron-thanh-xuan__ep04_1__seg00061.wav,chay-tron-thanh-xuan,2,neutral,3,3,neutral,-0.317,-5.186,neutral,-0.365,-6.719
chay-tron-thanh-xuan/ep04_1,seg00067,clips/chay-tron-thanh-xuan__ep04_1__seg00067.wav,chay-tron-thanh-xuan,2,neutral,2,2,neutral,-0.95,0.224,sadness,-2.112,-3.032
chay-tron-thanh-xuan/ep04_1,seg00071,clips/chay-tron-thanh-xuan__ep04_1__seg00071.wav,chay-tron-thanh-xuan,2,joy,4,3,joy,-1.136,0.056,joy,3.317,-2.301
chay-tron-thanh-xuan/ep04_1,seg00072,clips/chay-tron-thanh-xuan__ep04_1__seg00072.wav,chay-tron-thanh-xuan,2,anger,1,4,neutral,0.629,1.885,neutral,0.253,0.081
chay-tron-thanh-xuan/ep04_1,seg00073,clips/chay-tron-thanh-xuan__ep04_1__seg00073.wav,chay-tron-thanh-xuan,2,neutral,4,2,neutral,3.756,-3.781,sadness,-2.176,-4.926
chay-tron-thanh-xuan/ep04_1,seg00136,clips/chay-tron-thanh-xuan__ep04_1__seg00136.wav,chay-tron-thanh-xuan,2,fear_anxiety,2,3,anger,-1.577,1.304,neutral,-2.731,-0.137
chay-tron-thanh-xuan/ep04_1,seg00077,clips/chay-tron-thanh-xuan__ep04_1__seg00077.wav,chay-tron-thanh-xuan,2,anger,2,4,anger,-2.355,4.84,anger,1.445,2.207
chay-tron-thanh-xuan/ep04_1,seg00078,clips/chay-tron-thanh-xuan__ep04_1__seg00078.wav,chay-tron-thanh-xuan,2,joy,4,3,anger,-2.357,2.889,sadness,-3.751,2.844
chay-tron-thanh-xuan/ep04_1,seg00079,clips/chay-tron-thanh-xuan__ep04_1__seg00079.wav,chay-tron-thanh-xuan,2,neutral,3,3,sadness,-0.335,2.13,fear_anxiety,-3.514,1.845
chay-tron-thanh-xuan/ep04_1,seg00082,clips/chay-tron-thanh-xuan__ep04_1__seg00082.wav,chay-tron-thanh-xuan,2,sadness,2,1,neutral,1.0,-2.17,anger,-0.581,-2.03
chay-tron-thanh-xuan/ep04_1,seg00083,clips/chay-tron-thanh-xuan__ep04_1__seg00083.wav,chay-tron-thanh-xuan,2,anger,2,4,neutral,-0.346,1.235,neutral,0.603,-0.241
chay-tron-thanh-xuan/ep04_1,seg00086,clips/chay-tron-thanh-xuan__ep04_1__seg00086.wav,chay-tron-thanh-xuan,2,sadness,4,2,neutral,-2.573,-4.142,sadness,-0.255,-2.907
chay-tron-thanh-xuan/ep04_1,seg00088,clips/chay-tron-thanh-xuan__ep04_1__seg00088.wav,chay-tron-thanh-xuan,2,sadness,2,2,sadness,-0.767,-5.274,neutral,1.146,-3.308
chay-tron-thanh-xuan/ep04_1,seg00089,clips/chay-tron-thanh-xuan__ep04_1__seg00089.wav,chay-tron-thanh-xuan,2,anger,2,4,sadness,-3.576,0.387,sadness,-1.383,0.086
chay-tron-thanh-xuan/ep04_1,seg00090,clips/chay-tron-thanh-xuan__ep04_1__seg00090.wav,chay-tron-thanh-xuan,2,anger,1,4,anger,0.211,0.741,anger,-1.338,-2.783
chay-tron-thanh-xuan/ep04_1,seg00091,clips/chay-tron-thanh-xuan__ep04_1__seg00091.wav,chay-tron-thanh-xuan,2,sadness,2,4,fear_anxiety,-3.353,-0.169,sadness,-1.227,-2.921
chay-tron-thanh-xuan/ep04_1,seg00092,clips/chay-tron-thanh-xuan__ep04_1__seg00092.wav,chay-tron-thanh-xuan,2,anger,2,4,sadness,1.254,4.003,anger,-3.37,-2.425
chay-tron-thanh-xuan/ep04_1,seg00094,clips/chay-tron-thanh-xuan__ep04_1__seg00094.wav,chay-tron-thanh-xuan,2,neutral,4,3,neutral,1.536,-1.85,fear_anxiety,2.258,-3.974
chay-tron-thanh-xuan/ep04_1,seg00095,clips/chay-tron-thanh-xuan__ep04_1__seg00095.wav,chay-tron-thanh-xuan,2,neutral,2,2,joy,0.867,0.9,sadness,1.526,-0.966
chay-tron-thanh-xuan/ep04_1,seg00096,clips/chay-tron-thanh-xuan__ep04_1__seg00096.wav,chay-tron-thanh-xuan,2,joy,4,4,joy,4.667,-1.174,sadness,2.883,-0.876
chay-tron-thanh-xuan/ep04_1,seg00097,clips/chay-tron-thanh-xuan__ep04_1__seg00097.wav,chay-tron-thanh-xuan,2,joy,4,4,anger,-0.0,3.104,anger,-1.81,1.147
chay-tron-thanh-xuan/ep04_1,seg00099,clips/chay-tron-thanh-xuan__ep04_1__seg00099.wav,chay-tron-thanh-xuan,2,anger,2,4,fear_anxiety,-3.507,-2.576,neutral,1.256,-1.312
chay-tron-thanh-xuan/ep04_1,seg00100,clips/chay-tron-thanh-xuan__ep04_1__seg00100.wav,chay-tron-thanh-xuan,2,neutral,2,2,neutral,-2.805,0.852,anger,-0.216,-0.156
chay-tron-thanh-xuan/ep04_1,seg00101,clips/chay-tron-thanh-xuan__ep04_1__seg00101.wav,chay-tron-thanh-xuan,2,neutral,1,4,neutral,-2.956,-0.78,neutral,-2.962,-0.945
chay-tron-thanh-xuan/ep04_1,seg00103,clips/chay-tron-thanh-xuan__ep04_1__seg00103.wav,chay-tron-thanh-xuan,2,anger,1,4,anger,-0.292,3.177,anger,-0.927,1.818
chay-tron-thanh-xuan/ep04_1,seg00139,clips/chay-tron-thanh-xuan__ep04_1__seg00139.wav,chay-tron-thanh-xuan,2,anger,2,5,anger,-0.627,1.918,joy,0.139,1.119
chay-tron-thanh-xuan/ep04_1,seg00140,clips/chay-tron-thanh-xuan__ep04_1__seg00140.wav,chay-tron-thanh-xuan,2,anger,2,4,neutral,-1.858,2.505,fear_anxiety,-0.155,-0.51
chay-tron-thanh-xuan/ep04_1,seg00141,clips/chay-tron-thanh-xuan__ep04_1__seg00141.wav,chay-tron-thanh-xuan,2,anger,2,4,sadness,-1.676,1.94,sadness,-0.404,-0.537
chay-tron-thanh-xuan/ep04_1,seg00107,clips/chay-tron-thanh-xuan__ep04_1__seg00107.wav,chay-tron-thanh-xuan,2,joy,4,3,joy,3.179,-2.796,anger,1.689,-1.488
chay-tron-thanh-xuan/ep04_1,seg00110,clips/chay-tron-thanh-xuan__ep04_1__seg00110.wav,chay-tron-thanh-xuan,2,joy,4,4,joy,3.722,-0.312,neutral,1.585,-2.557
chay-tron-thanh-xuan/ep04_1,seg00112,clips/chay-tron-thanh-xuan__ep04_1__seg00112.wav,chay-tron-thanh-xuan,2,neutral,3,2,neutral,0.892,-2.073,neutral,1.053,-4.399
chay-tron-thanh-xuan/ep04_1,seg00113,clips/chay-tron-thanh-xuan__ep04_1__seg00113.wav,chay-tron-thanh-xuan,2,neutral,3,2,neutral,-1.116,-2.558,neutral,-0.808,-2.367
chay-tron-thanh-xuan/ep04_1,seg00114,clips/chay-tron-thanh-xuan__ep04_1__seg00114.wav,chay-tron-thanh-xuan,2,neutral,3,2,neutral,1.9,-0.23,fear_anxiety,-1.272,1.958
chay-tron-thanh-xuan/ep04_1,seg00116,clips/chay-tron-thanh-xuan__ep04_1__seg00116.wav,chay-tron-thanh-xuan,2,neutral,4,3,neutral,2.891,-2.858,sadness,4.168,-1.797
chay-tron-thanh-xuan/ep04_1,seg00117,clips/chay-tron-thanh-xuan__ep04_1__seg00117.wav,chay-tron-thanh-xuan,2,neutral,3,2,fear_anxiety,1.36,-1.05,neutral,0.752,-2.693
chay-tron-thanh-xuan/ep04_2,seg00000,clips/chay-tron-thanh-xuan__ep04_2__seg00000.wav,chay-tron-thanh-xuan,2,anger,2,4,anger,-2.449,3.168,anger,-2.003,2.076
chay-tron-thanh-xuan/ep04_2,seg00001,clips/chay-tron-thanh-xuan__ep04_2__seg00001.wav,chay-tron-thanh-xuan,2,anger,2,4,neutral,3.075,0.605,anger,-0.26,-1.435
chay-tron-thanh-xuan/ep04_2,seg00002,clips/chay-tron-thanh-xuan__ep04_2__seg00002.wav,chay-tron-thanh-xuan,2,fear_anxiety,2,3,anger,-1.347,0.423,neutral,-1.749,0.627
chay-tron-thanh-xuan/ep04_2,seg00080,clips/chay-tron-thanh-xuan__ep04_2__seg00080.wav,chay-tron-thanh-xuan,2,fear_anxiety,2,4,anger,-1.837,2.474,neutral,-0.501,2.072
chay-tron-thanh-xuan/ep04_2,seg00081,clips/chay-tron-thanh-xuan__ep04_2__seg00081.wav,chay-tron-thanh-xuan,2,neutral,4,2,neutral,-1.509,-1.219,neutral,0.064,-1.275
chay-tron-thanh-xuan/ep04_2,seg00007,clips/chay-tron-thanh-xuan__ep04_2__seg00007.wav,chay-tron-thanh-xuan,2,joy,4,4,fear_anxiety,1.873,2.718,anger,1.919,4.136
chay-tron-thanh-xuan/ep04_2,seg00008,clips/chay-tron-thanh-xuan__ep04_2__seg00008.wav,chay-tron-thanh-xuan,2,joy,3,4,anger,-0.375,3.68,sadness,0.886,5.961
chay-tron-thanh-xuan/ep04_2,seg00010,clips/chay-tron-thanh-xuan__ep04_2__seg00010.wav,chay-tron-thanh-xuan,2,neutral,3,2,neutral,1.046,1.124,neutral,1.702,-2.474
chay-tron-thanh-xuan/ep04_2,seg00083,clips/chay-tron-thanh-xuan__ep04_2__seg00083.wav,chay-tron-thanh-xuan,2,anger,2,4,anger,-1.501,4.727,anger,-0.973,0.962
chay-tron-thanh-xuan/ep04_2,seg00084,clips/chay-tron-thanh-xuan__ep04_2__seg00084.wav,chay-tron-thanh-xuan,2,anger,1,5,anger,-1.017,2.984,anger,-0.31,0.443
chay-tron-thanh-xuan/ep04_2,seg00085,clips/chay-tron-thanh-xuan__ep04_2__seg00085.wav,chay-tron-thanh-xuan,2,anger,2,4,anger,-2.925,3.285,anger,-2.081,1.948
chay-tron-thanh-xuan/ep04_2,seg00015,clips/chay-tron-thanh-xuan__ep04_2__seg00015.wav,chay-tron-thanh-xuan,2,sadness,2,2,joy,2.932,-4.286,joy,3.291,-2.96
chay-tron-thanh-xuan/ep04_2,seg00016,clips/chay-tron-thanh-xuan__ep04_2__seg00016.wav,chay-tron-thanh-xuan,2,anger,1,4,anger,-4.434,4.65,anger,-1.366,-0.232
chay-tron-thanh-xuan/ep04_2,seg00086,clips/chay-tron-thanh-xuan__ep04_2__seg00086.wav,chay-tron-thanh-xuan,2,neutral,4,2,neutral,3.253,-3.395,fear_anxiety,1.26,-5.127
chay-tron-thanh-xuan/ep04_2,seg00087,clips/chay-tron-thanh-xuan__ep04_2__seg00087.wav,chay-tron-thanh-xuan,2,neutral,3,2,joy,4.334,-3.513,fear_anxiety,-0.001,-0.249
chay-tron-thanh-xuan/ep04_2,seg00018,clips/chay-tron-thanh-xuan__ep04_2__seg00018.wav,chay-tron-thanh-xuan,2,joy,4,3,neutral,-0.501,0.643,neutral,0.149,-1.276
chay-tron-thanh-xuan/ep04_2,seg00088,clips/chay-tron-thanh-xuan__ep04_2__seg00088.wav,chay-tron-thanh-xuan,2,fear_anxiety,2,5,anger,-5.11,7.738,anger,-0.484,3.823
chay-tron-thanh-xuan/ep04_2,seg00089,clips/chay-tron-thanh-xuan__ep04_2__seg00089.wav,chay-tron-thanh-xuan,2,fear_anxiety,2,5,anger,-0.869,7.439,anger,1.127,5.016
chay-tron-thanh-xuan/ep04_2,seg00090,clips/chay-tron-thanh-xuan__ep04_2__seg00090.wav,chay-tron-thanh-xuan,2,anger,2,4,anger,-1.64,3.638,joy,2.018,2.139
chay-tron-thanh-xuan/ep04_2,seg00091,clips/chay-tron-thanh-xuan__ep04_2__seg00091.wav,chay-tron-thanh-xuan,2,fear_anxiety,2,4,anger,0.629,5.392,joy,2.195,0.756
chay-tron-thanh-xuan/ep04_2,seg00029,clips/chay-tron-thanh-xuan__ep04_2__seg00029.wav,chay-tron-thanh-xuan,2,neutral,2,3,joy,0.525,2.097,joy,-0.499,0.53
chay-tron-thanh-xuan/ep04_2,seg00030,clips/chay-tron-thanh-xuan__ep04_2__seg00030.wav,chay-tron-thanh-xuan,2,neutral,3,3,neutral,2.912,0.075,sadness,0.164,-2.269
chay-tron-thanh-xuan/ep04_2,seg00031,clips/chay-tron-thanh-xuan__ep04_2__seg00031.wav,chay-tron-thanh-xuan,2,neutral,2,3,neutral,-1.006,2.384,anger,-2.657,-1.25
chay-tron-thanh-xuan/ep04_2,seg00032,clips/chay-tron-thanh-xuan__ep04_2__seg00032.wav,chay-tron-thanh-xuan,2,fear_anxiety,2,4,anger,-3.129,5.546,anger,-2.617,2.775
chay-tron-thanh-xuan/ep04_2,seg00092,clips/chay-tron-thanh-xuan__ep04_2__seg00092.wav,chay-tron-thanh-xuan,2,fear_anxiety,2,3,anger,-0.303,2.004,sadness,1.04,-1.978
chay-tron-thanh-xuan/ep04_2,seg00093,clips/chay-tron-thanh-xuan__ep04_2__seg00093.wav,chay-tron-thanh-xuan,2,anger,2,4,anger,-3.018,6.037,anger,1.22,1.239
chay-tron-thanh-xuan/ep04_2,seg00094,clips/chay-tron-thanh-xuan__ep04_2__seg00094.wav,chay-tron-thanh-xuan,2,fear_anxiety,2,4,anger,-2.254,4.015,sadness,-5.635,2.509
chay-tron-thanh-xuan/ep04_2,seg00095,clips/chay-tron-thanh-xuan__ep04_2__seg00095.wav,chay-tron-thanh-xuan,2,fear_anxiety,4,5,anger,-0.529,4.726,anger,-0.066,5.101
chay-tron-thanh-xuan/ep04_2,seg00038,clips/chay-tron-thanh-xuan__ep04_2__seg00038.wav,chay-tron-thanh-xuan,2,fear_anxiety,1,3,anger,-0.624,4.348,sadness,-3.304,1.049
chay-tron-thanh-xuan/ep04_2,seg00096,clips/chay-tron-thanh-xuan__ep04_2__seg00096.wav,chay-tron-thanh-xuan,2,neutral,3,3,neutral,-1.068,-1.654,neutral,0.564,-2.291
chay-tron-thanh-xuan/ep04_2,seg00040,clips/chay-tron-thanh-xuan__ep04_2__seg00040.wav,chay-tron-thanh-xuan,2,neutral,4,2,neutral,2.281,-0.248,anger,-1.522,-0.896
chay-tron-thanh-xuan/ep04_2,seg00041,clips/chay-tron-thanh-xuan__ep04_2__seg00041.wav,chay-tron-thanh-xuan,2,neutral,3,2,neutral,0.761,0.818,sadness,0.096,-1.584
chay-tron-thanh-xuan/ep04_2,seg00097,clips/chay-tron-thanh-xuan__ep04_2__seg00097.wav,chay-tron-thanh-xuan,2,neutral,4,2,neutral,-1.474,-1.55,anger,-0.783,-0.155
chay-tron-thanh-xuan/ep04_2,seg00098,clips/chay-tron-thanh-xuan__ep04_2__seg00098.wav,chay-tron-thanh-xuan,2,anger,1,4,anger,-1.389,2.043,sadness,-1.713,2.179
chay-tron-thanh-xuan/ep04_2,seg00044,clips/chay-tron-thanh-xuan__ep04_2__seg00044.wav,chay-tron-thanh-xuan,2,sadness,4,2,sadness,2.775,-3.727,neutral,3.274,-1.694
chay-tron-thanh-xuan/ep04_2,seg00046,clips/chay-tron-thanh-xuan__ep04_2__seg00046.wav,chay-tron-thanh-xuan,2,sadness,2,4,fear_anxiety,-3.13,5.608,joy,-0.835,5.449
chay-tron-thanh-xuan/ep04_2,seg00047,clips/chay-tron-thanh-xuan__ep04_2__seg00047.wav,chay-tron-thanh-xuan,2,fear_anxiety,2,2,neutral,0.146,0.875,neutral,-1.693,1.016
chay-tron-thanh-xuan/ep04_2,seg00048,clips/chay-tron-thanh-xuan__ep04_2__seg00048.wav,chay-tron-thanh-xuan,2,sadness,2,4,joy,-0.043,4.943,joy,2.02,4.252
chay-tron-thanh-xuan/ep04_2,seg00049,clips/chay-tron-thanh-xuan__ep04_2__seg00049.wav,chay-tron-thanh-xuan,2,fear_anxiety,2,4,sadness,-1.99,3.002,joy,-0.047,2.525
chay-tron-thanh-xuan/ep04_2,seg00050,clips/chay-tron-thanh-xuan__ep04_2__seg00050.wav,chay-tron-thanh-xuan,2,fear_anxiety,2,4,sadness,-0.019,2.751,joy,-0.647,1.725
chay-tron-thanh-xuan/ep04_2,seg00051,clips/chay-tron-thanh-xuan__ep04_2__seg00051.wav,chay-tron-thanh-xuan,2,anger,2,2,neutral,-0.681,2.531,anger,1.714,-0.543
chay-tron-thanh-xuan/ep04_2,seg00052,clips/chay-tron-thanh-xuan__ep04_2__seg00052.wav,chay-tron-thanh-xuan,2,fear_anxiety,2,4,neutral,3.63,0.926,neutral,2.514,-2.077
chay-tron-thanh-xuan/ep04_2,seg00053,clips/chay-tron-thanh-xuan__ep04_2__seg00053.wav,chay-tron-thanh-xuan,2,neutral,2,3,fear_anxiety,0.154,2.299,neutral,-1.525,1.413
chay-tron-thanh-xuan/ep04_2,seg00055,clips/chay-tron-thanh-xuan__ep04_2__seg00055.wav,chay-tron-thanh-xuan,2,neutral,2,2,neutral,2.263,-0.143,joy,0.354,-1.873
chay-tron-thanh-xuan/ep04_2,seg00056,clips/chay-tron-thanh-xuan__ep04_2__seg00056.wav,chay-tron-thanh-xuan,2,anger,2,4,anger,-0.72,3.393,joy,2.417,-0.63
chay-tron-thanh-xuan/ep04_2,seg00100,clips/chay-tron-thanh-xuan__ep04_2__seg00100.wav,chay-tron-thanh-xuan,2,anger,1,5,anger,-4.352,4.568,joy,-4.016,1.166
chay-tron-thanh-xuan/ep04_2,seg00101,clips/chay-tron-thanh-xuan__ep04_2__seg00101.wav,chay-tron-thanh-xuan,2,sadness,1,2,fear_anxiety,5.274,-3.04,fear_anxiety,3.474,-1.928
chay-tron-thanh-xuan/ep04_2,seg00102,clips/chay-tron-thanh-xuan__ep04_2__seg00102.wav,chay-tron-thanh-xuan,2,sadness,2,3,sadness,1.962,-3.254,sadness,-0.827,-4.124
chay-tron-thanh-xuan/ep04_2,seg00103,clips/chay-tron-thanh-xuan__ep04_2__seg00103.wav,chay-tron-thanh-xuan,2,anger,2,3,joy,3.334,-0.255,fear_anxiety,-0.166,-0.109
chay-tron-thanh-xuan/ep04_2,seg00063,clips/chay-tron-thanh-xuan__ep04_2__seg00063.wav,chay-tron-thanh-xuan,2,sadness,2,2,neutral,1.693,-3.544,sadness,0.907,-3.19
chay-tron-thanh-xuan/ep04_2,seg00064,clips/chay-tron-thanh-xuan__ep04_2__seg00064.wav,chay-tron-thanh-xuan,2,anger,4,4,joy,0.633,2.022,neutral,-1.053,0.371
chay-tron-thanh-xuan/ep04_2,seg00104,clips/chay-tron-thanh-xuan__ep04_2__seg00104.wav,chay-tron-thanh-xuan,2,fear_anxiety,1,4,anger,-0.318,4.27,fear_anxiety,-0.684,4.371
chay-tron-thanh-xuan/ep04_2,seg00105,clips/chay-tron-thanh-xuan__ep04_2__seg00105.wav,chay-tron-thanh-xuan,2,fear_anxiety,2,4,neutral,1.502,1.39,fear_anxiety,0.37,-5.509
chay-tron-thanh-xuan/ep04_2,seg00106,clips/chay-tron-thanh-xuan__ep04_2__seg00106.wav,chay-tron-thanh-xuan,2,anger,1,5,anger,-3.287,4.41,anger,-0.883,3.157
chay-tron-thanh-xuan/ep04_2,seg00066,clips/chay-tron-thanh-xuan__ep04_2__seg00066.wav,chay-tron-thanh-xuan,2,anger,2,5,neutral,-0.662,4.373,anger,-0.503,2.665
chay-tron-thanh-xuan/ep04_2,seg00109,clips/chay-tron-thanh-xuan__ep04_2__seg00109.wav,chay-tron-thanh-xuan,2,anger,1,5,joy,-0.615,2.52,fear_anxiety,0.012,1.192
chay-tron-thanh-xuan/ep04_2,seg00110,clips/chay-tron-thanh-xuan__ep04_2__seg00110.wav,chay-tron-thanh-xuan,2,neutral,3,2,neutral,-0.192,-4.26,neutral,0.42,-5.699
chay-tron-thanh-xuan/ep04_2,seg00111,clips/chay-tron-thanh-xuan__ep04_2__seg00111.wav,chay-tron-thanh-xuan,2,anger,2,4,anger,-3.544,0.823,fear_anxiety,-1.271,1.498
chay-tron-thanh-xuan/ep04_2,seg00069,clips/chay-tron-thanh-xuan__ep04_2__seg00069.wav,chay-tron-thanh-xuan,2,neutral,4,2,neutral,-1.173,-4.451,anger,-2.568,-6.163
chay-tron-thanh-xuan/ep04_2,seg00074,clips/chay-tron-thanh-xuan__ep04_2__seg00074.wav,chay-tron-thanh-xuan,2,neutral,4,2,joy,2.705,-1.453,neutral,2.325,-2.436
chay-tron-thanh-xuan/ep04_2,seg00078,clips/chay-tron-thanh-xuan__ep04_2__seg00078.wav,chay-tron-thanh-xuan,2,sadness,1,2,sadness,-1.325,-4.916,sadness,-2.324,-6.708
chay-tron-thanh-xuan/ep04_2,seg00112,clips/chay-tron-thanh-xuan__ep04_2__seg00112.wav,chay-tron-thanh-xuan,2,neutral,2,2,neutral,1.852,-2.956,neutral,0.363,-3.346
chay-tron-thanh-xuan/ep05_1,seg00100,clips/chay-tron-thanh-xuan__ep05_1__seg00100.wav,chay-tron-thanh-xuan,3,sadness,4,2,sadness,0.004,-1.941,neutral,-1.283,-1.249
chay-tron-thanh-xuan/ep05_1,seg00002,clips/chay-tron-thanh-xuan__ep05_1__seg00002.wav,chay-tron-thanh-xuan,3,neutral,4,2,sadness,1.822,-1.837,sadness,2.271,-3.212
chay-tron-thanh-xuan/ep05_1,seg00101,clips/chay-tron-thanh-xuan__ep05_1__seg00101.wav,chay-tron-thanh-xuan,3,neutral,5,2,sadness,1.388,-1.991,neutral,0.454,-1.273
chay-tron-thanh-xuan/ep05_1,seg00009,clips/chay-tron-thanh-xuan__ep05_1__seg00009.wav,chay-tron-thanh-xuan,3,sadness,2,2,neutral,-2.29,0.93,neutral,0.568,-2.27
chay-tron-thanh-xuan/ep05_1,seg00102,clips/chay-tron-thanh-xuan__ep05_1__seg00102.wav,chay-tron-thanh-xuan,3,sadness,4,4,sadness,-2.58,-2.205,sadness,-1.465,-1.636
chay-tron-thanh-xuan/ep05_1,seg00103,clips/chay-tron-thanh-xuan__ep05_1__seg00103.wav,chay-tron-thanh-xuan,3,sadness,4,4,sadness,-3.415,-3.211,neutral,-0.552,-2.987
chay-tron-thanh-xuan/ep05_1,seg00104,clips/chay-tron-thanh-xuan__ep05_1__seg00104.wav,chay-tron-thanh-xuan,3,sadness,4,4,sadness,-4.607,-1.649,sadness,1.046,-2.831
chay-tron-thanh-xuan/ep05_1,seg00011,clips/chay-tron-thanh-xuan__ep05_1__seg00011.wav,chay-tron-thanh-xuan,3,neutral,2,3,fear_anxiety,-0.71,-0.285,fear_anxiety,-1.576,3.495
chay-tron-thanh-xuan/ep05_1,seg00105,clips/chay-tron-thanh-xuan__ep05_1__seg00105.wav,chay-tron-thanh-xuan,3,anger,2,4,anger,1.496,1.119,neutral,2.844,2.931
chay-tron-thanh-xuan/ep05_1,seg00106,clips/chay-tron-thanh-xuan__ep05_1__seg00106.wav,chay-tron-thanh-xuan,3,sadness,2,3,fear_anxiety,-1.038,-1.423,fear_anxiety,-2.972,-1.167
chay-tron-thanh-xuan/ep05_1,seg00013,clips/chay-tron-thanh-xuan__ep05_1__seg00013.wav,chay-tron-thanh-xuan,3,anger,2,4,neutral,0.414,-0.341,neutral,0.276,-1.727
chay-tron-thanh-xuan/ep05_1,seg00015,clips/chay-tron-thanh-xuan__ep05_1__seg00015.wav,chay-tron-thanh-xuan,3,fear_anxiety,2,3,neutral,1.671,-2.151,sadness,-1.43,1.706
chay-tron-thanh-xuan/ep05_1,seg00018,clips/chay-tron-thanh-xuan__ep05_1__seg00018.wav,chay-tron-thanh-xuan,3,anger,1,4,fear_anxiety,-3.166,-0.027,joy,3.955,-2.395
chay-tron-thanh-xuan/ep05_1,seg00020,clips/chay-tron-thanh-xuan__ep05_1__seg00020.wav,chay-tron-thanh-xuan,3,anger,2,4,neutral,1.367,0.694,neutral,3.438,-0.419
chay-tron-thanh-xuan/ep05_1,seg00021,clips/chay-tron-thanh-xuan__ep05_1__seg00021.wav,chay-tron-thanh-xuan,3,neutral,3,3,neutral,1.271,-3.638,neutral,-0.185,-0.515
chay-tron-thanh-xuan/ep05_1,seg00029,clips/chay-tron-thanh-xuan__ep05_1__seg00029.wav,chay-tron-thanh-xuan,3,joy,4,2,sadness,-3.444,-1.202,neutral,2.417,-2.328
chay-tron-thanh-xuan/ep05_1,seg00031,clips/chay-tron-thanh-xuan__ep05_1__seg00031.wav,chay-tron-thanh-xuan,3,joy,4,4,sadness,1.409,-2.714,neutral,-0.019,-1.583
chay-tron-thanh-xuan/ep05_1,seg00107,clips/chay-tron-thanh-xuan__ep05_1__seg00107.wav,chay-tron-thanh-xuan,3,joy,5,2,neutral,0.94,-2.282,neutral,0.047,-0.096
chay-tron-thanh-xuan/ep05_1,seg00035,clips/chay-tron-thanh-xuan__ep05_1__seg00035.wav,chay-tron-thanh-xuan,3,joy,4,3,neutral,3.456,-1.053,neutral,3.032,-1.585
chay-tron-thanh-xuan/ep05_1,seg00039,clips/chay-tron-thanh-xuan__ep05_1__seg00039.wav,chay-tron-thanh-xuan,3,joy,4,4,sadness,-1.823,-1.63,neutral,-0.984,-0.451
chay-tron-thanh-xuan/ep05_1,seg00108,clips/chay-tron-thanh-xuan__ep05_1__seg00108.wav,chay-tron-thanh-xuan,3,joy,4,3,fear_anxiety,2.002,-0.229,fear_anxiety,-0.683,-2.081
chay-tron-thanh-xuan/ep05_1,seg00040,clips/chay-tron-thanh-xuan__ep05_1__seg00040.wav,chay-tron-thanh-xuan,3,joy,5,2,joy,3.549,-4.222,neutral,0.153,-7.998
chay-tron-thanh-xuan/ep05_1,seg00041,clips/chay-tron-thanh-xuan__ep05_1__seg00041.wav,chay-tron-thanh-xuan,3,neutral,3,3,neutral,4.517,-3.914,neutral,3.053,-2.259
chay-tron-thanh-xuan/ep05_1,seg00109,clips/chay-tron-thanh-xuan__ep05_1__seg00109.wav,chay-tron-thanh-xuan,3,joy,4,4,neutral,1.514,-1.891,neutral,5.919,-1.077
chay-tron-thanh-xuan/ep05_1,seg00110,clips/chay-tron-thanh-xuan__ep05_1__seg00110.wav,chay-tron-thanh-xuan,3,neutral,4,2,sadness,0.54,-1.44,neutral,-0.405,-0.132
chay-tron-thanh-xuan/ep05_1,seg00046,clips/chay-tron-thanh-xuan__ep05_1__seg00046.wav,chay-tron-thanh-xuan,3,joy,4,3,joy,1.214,-2.666,fear_anxiety,0.611,-2.36
chay-tron-thanh-xuan/ep05_1,seg00054,clips/chay-tron-thanh-xuan__ep05_1__seg00054.wav,chay-tron-thanh-xuan,3,joy,5,4,joy,4.681,1.939,joy,0.872,1.827
chay-tron-thanh-xuan/ep05_1,seg00055,clips/chay-tron-thanh-xuan__ep05_1__seg00055.wav,chay-tron-thanh-xuan,3,joy,4,4,joy,8.703,-2.405,joy,2.635,-2.556
chay-tron-thanh-xuan/ep05_1,seg00052,clips/chay-tron-thanh-xuan__ep05_1__seg00052.wav,chay-tron-thanh-xuan,3,joy,4,4,neutral,-0.241,0.567,joy,-1.692,-0.793
chay-tron-thanh-xuan/ep05_1,seg00048,clips/chay-tron-thanh-xuan__ep05_1__seg00048.wav,chay-tron-thanh-xuan,3,neutral,3,3,fear_anxiety,1.119,-1.41,fear_anxiety,0.142,-1.797
chay-tron-thanh-xuan/ep05_1,seg00049,clips/chay-tron-thanh-xuan__ep05_1__seg00049.wav,chay-tron-thanh-xuan,3,joy,4,3,neutral,3.432,-1.711,sadness,-0.557,0.741
chay-tron-thanh-xuan/ep05_1,seg00111,clips/chay-tron-thanh-xuan__ep05_1__seg00111.wav,chay-tron-thanh-xuan,3,neutral,3,3,neutral,-0.302,-0.669,neutral,0.489,0.197
chay-tron-thanh-xuan/ep05_1,seg00112,clips/chay-tron-thanh-xuan__ep05_1__seg00112.wav,chay-tron-thanh-xuan,3,joy,4,4,sadness,-2.503,0.178,neutral,0.439,-1.321
chay-tron-thanh-xuan/ep05_1,seg00056,clips/chay-tron-thanh-xuan__ep05_1__seg00056.wav,chay-tron-thanh-xuan,3,joy,4,4,neutral,2.542,-2.373,joy,-2.539,-1.731
chay-tron-thanh-xuan/ep05_1,seg00113,clips/chay-tron-thanh-xuan__ep05_1__seg00113.wav,chay-tron-thanh-xuan,3,joy,4,4,sadness,-1.815,0.055,neutral,0.876,0.227
chay-tron-thanh-xuan/ep05_1,seg00060,clips/chay-tron-thanh-xuan__ep05_1__seg00060.wav,chay-tron-thanh-xuan,3,anger,2,4,anger,-3.147,2.665,anger,-2.119,0.693
chay-tron-thanh-xuan/ep05_1,seg00114,clips/chay-tron-thanh-xuan__ep05_1__seg00114.wav,chay-tron-thanh-xuan,3,neutral,3,4,anger,-1.916,3.0,neutral,-1.383,-0.488
chay-tron-thanh-xuan/ep05_1,seg00064,clips/chay-tron-thanh-xuan__ep05_1__seg00064.wav,chay-tron-thanh-xuan,3,neutral,2,3,neutral,-0.385,-2.471,neutral,-1.303,-1.831
chay-tron-thanh-xuan/ep05_1,seg00061,clips/chay-tron-thanh-xuan__ep05_1__seg00061.wav,chay-tron-thanh-xuan,3,anger,2,4,anger,-1.978,1.64,joy,2.348,-3.161
chay-tron-thanh-xuan/ep05_1,seg00067,clips/chay-tron-thanh-xuan__ep05_1__seg00067.wav,chay-tron-thanh-xuan,3,anger,2,4,sadness,0.61,1.43,anger,0.477,-4.205
chay-tron-thanh-xuan/ep05_1,seg00068,clips/chay-tron-thanh-xuan__ep05_1__seg00068.wav,chay-tron-thanh-xuan,3,neutral,4,2,fear_anxiety,-0.835,0.165,neutral,-0.947,-1.057
chay-tron-thanh-xuan/ep05_1,seg00115,clips/chay-tron-thanh-xuan__ep05_1__seg00115.wav,chay-tron-thanh-xuan,3,joy,4,2,joy,3.786,-3.866,sadness,2.699,-5.428
chay-tron-thanh-xuan/ep05_1,seg00116,clips/chay-tron-thanh-xuan__ep05_1__seg00116.wav,chay-tron-thanh-xuan,3,fear_anxiety,2,4,neutral,2.223,1.42,joy,2.222,-0.454
chay-tron-thanh-xuan/ep05_1,seg00117,clips/chay-tron-thanh-xuan__ep05_1__seg00117.wav,chay-tron-thanh-xuan,3,sadness,2,3,neutral,-2.913,-3.58,fear_anxiety,1.718,-3.294
chay-tron-thanh-xuan/ep05_1,seg00083,clips/chay-tron-thanh-xuan__ep05_1__seg00083.wav,chay-tron-thanh-xuan,3,anger,1,4,fear_anxiety,-0.617,2.567,joy,-3.023,-0.248
chay-tron-thanh-xuan/ep05_1,seg00119,clips/chay-tron-thanh-xuan__ep05_1__seg00119.wav,chay-tron-thanh-xuan,3,neutral,3,3,sadness,0.322,-1.392,sadness,-0.149,-0.825
chay-tron-thanh-xuan/ep05_1,seg00120,clips/chay-tron-thanh-xuan__ep05_1__seg00120.wav,chay-tron-thanh-xuan,3,neutral,2,3,neutral,-0.085,-2.287,neutral,-2.442,1.701
chay-tron-thanh-xuan/ep05_1,seg00121,clips/chay-tron-thanh-xuan__ep05_1__seg00121.wav,chay-tron-thanh-xuan,3,fear_anxiety,3,4,neutral,-1.052,1.865,fear_anxiety,-0.314,2.584
chay-tron-thanh-xuan/ep05_1,seg00090,clips/chay-tron-thanh-xuan__ep05_1__seg00090.wav,chay-tron-thanh-xuan,3,sadness,1,4,fear_anxiety,-0.804,1.584,fear_anxiety,-0.346,-0.261
chay-tron-thanh-xuan/ep05_1,seg00094,clips/chay-tron-thanh-xuan__ep05_1__seg00094.wav,chay-tron-thanh-xuan,3,joy,4,4,joy,0.319,-0.568,anger,-1.646,0.544
chay-tron-thanh-xuan/ep05_1,seg00122,clips/chay-tron-thanh-xuan__ep05_1__seg00122.wav,chay-tron-thanh-xuan,3,anger,2,4,fear_anxiety,-0.341,2.276,joy,-2.75,-0.831
chay-tron-thanh-xuan/ep05_1,seg00123,clips/chay-tron-thanh-xuan__ep05_1__seg00123.wav,chay-tron-thanh-xuan,3,anger,1,4,anger,-3.161,0.044,fear_anxiety,0.398,2.689
chay-tron-thanh-xuan/ep05_1,seg00125,clips/chay-tron-thanh-xuan__ep05_1__seg00125.wav,chay-tron-thanh-xuan,3,sadness,2,3,sadness,-2.604,-0.323,sadness,3.93,-3.336
chay-tron-thanh-xuan/ep05_1,seg00126,clips/chay-tron-thanh-xuan__ep05_1__seg00126.wav,chay-tron-thanh-xuan,3,sadness,2,3,sadness,-3.291,-0.296,anger,1.767,-2.689
chay-tron-thanh-xuan/ep05_1,seg00095,clips/chay-tron-thanh-xuan__ep05_1__seg00095.wav,chay-tron-thanh-xuan,3,joy,4,4,neutral,1.972,-2.907,neutral,1.25,-4.08
chay-tron-thanh-xuan/ep05_1,seg00127,clips/chay-tron-thanh-xuan__ep05_1__seg00127.wav,chay-tron-thanh-xuan,3,neutral,4,2,sadness,-1.511,-0.473,neutral,-3.507,0.828
chay-tron-thanh-xuan/ep05_2,seg00001,clips/chay-tron-thanh-xuan__ep05_2__seg00001.wav,chay-tron-thanh-xuan,4,joy,4,3,neutral,0.945,-5.003,neutral,2.26,-1.572
chay-tron-thanh-xuan/ep05_2,seg00083,clips/chay-tron-thanh-xuan__ep05_2__seg00083.wav,chay-tron-thanh-xuan,4,sadness,2,2,joy,5.354,-5.718,joy,9.194,-10.963
chay-tron-thanh-xuan/ep05_2,seg00003,clips/chay-tron-thanh-xuan__ep05_2__seg00003.wav,chay-tron-thanh-xuan,4,neutral,3,2,neutral,2.123,-2.717,sadness,1.327,-2.188
chay-tron-thanh-xuan/ep05_2,seg00004,clips/chay-tron-thanh-xuan__ep05_2__seg00004.wav,chay-tron-thanh-xuan,4,neutral,3,2,sadness,3.466,-4.366,joy,2.908,-5.626
chay-tron-thanh-xuan/ep05_2,seg00005,clips/chay-tron-thanh-xuan__ep05_2__seg00005.wav,chay-tron-thanh-xuan,4,neutral,4,2,neutral,2.773,-2.722,neutral,5.049,-7.026
chay-tron-thanh-xuan/ep05_2,seg00084,clips/chay-tron-thanh-xuan__ep05_2__seg00084.wav,chay-tron-thanh-xuan,4,neutral,4,2,fear_anxiety,2.235,-3.377,neutral,1.495,-2.508
chay-tron-thanh-xuan/ep05_2,seg00085,clips/chay-tron-thanh-xuan__ep05_2__seg00085.wav,chay-tron-thanh-xuan,4,sadness,2,2,sadness,0.662,0.708,sadness,4.922,-2.605
chay-tron-thanh-xuan/ep05_2,seg00008,clips/chay-tron-thanh-xuan__ep05_2__seg00008.wav,chay-tron-thanh-xuan,4,neutral,4,2,sadness,1.678,-3.374,sadness,-1.146,-6.31
chay-tron-thanh-xuan/ep05_2,seg00009,clips/chay-tron-thanh-xuan__ep05_2__seg00009.wav,chay-tron-thanh-xuan,4,sadness,2,2,sadness,2.29,-4.324,sadness,4.384,-9.164
chay-tron-thanh-xuan/ep05_2,seg00088,clips/chay-tron-thanh-xuan__ep05_2__seg00088.wav,chay-tron-thanh-xuan,4,sadness,2,2,sadness,-0.375,-1.082,neutral,1.375,-2.984
chay-tron-thanh-xuan/ep05_2,seg00089,clips/chay-tron-thanh-xuan__ep05_2__seg00089.wav,chay-tron-thanh-xuan,4,joy,5,4,sadness,1.895,1.132,neutral,1.953,2.738
chay-tron-thanh-xuan/ep05_2,seg00014,clips/chay-tron-thanh-xuan__ep05_2__seg00014.wav,chay-tron-thanh-xuan,4,joy,4,4,joy,6.056,-1.879,neutral,4.718,-3.579
chay-tron-thanh-xuan/ep05_2,seg00091,clips/chay-tron-thanh-xuan__ep05_2__seg00091.wav,chay-tron-thanh-xuan,4,sadness,2,2,sadness,0.443,0.408,sadness,1.345,-3.95
chay-tron-thanh-xuan/ep05_2,seg00092,clips/chay-tron-thanh-xuan__ep05_2__seg00092.wav,chay-tron-thanh-xuan,4,neutral,4,2,sadness,-1.824,-2.003,sadness,0.82,-3.273
chay-tron-thanh-xuan/ep05_2,seg00017,clips/chay-tron-thanh-xuan__ep05_2__seg00017.wav,chay-tron-thanh-xuan,4,joy,4,4,joy,2.16,-1.431,neutral,2.072,-3.103
chay-tron-thanh-xuan/ep05_2,seg00094,clips/chay-tron-thanh-xuan__ep05_2__seg00094.wav,chay-tron-thanh-xuan,4,neutral,4,2,fear_anxiety,0.147,-2.97,sadness,0.997,-5.616
chay-tron-thanh-xuan/ep05_2,seg00095,clips/chay-tron-thanh-xuan__ep05_2__seg00095.wav,chay-tron-thanh-xuan,4,sadness,2,2,neutral,3.378,0.336,anger,5.861,0.778
chay-tron-thanh-xuan/ep05_2,seg00096,clips/chay-tron-thanh-xuan__ep05_2__seg00096.wav,chay-tron-thanh-xuan,4,sadness,2,2,fear_anxiety,1.587,-0.605,anger,1.696,-0.511
chay-tron-thanh-xuan/ep05_2,seg00097,clips/chay-tron-thanh-xuan__ep05_2__seg00097.wav,chay-tron-thanh-xuan,4,neutral,3,2,neutral,-0.64,-1.037,neutral,1.387,-1.271
chay-tron-thanh-xuan/ep05_2,seg00099,clips/chay-tron-thanh-xuan__ep05_2__seg00099.wav,chay-tron-thanh-xuan,4,anger,2,3,joy,3.883,-1.301,anger,2.531,-3.79
chay-tron-thanh-xuan/ep05_2,seg00025,clips/chay-tron-thanh-xuan__ep05_2__seg00025.wav,chay-tron-thanh-xuan,4,joy,4,4,joy,4.294,2.029,joy,3.917,0.771
chay-tron-thanh-xuan/ep05_2,seg00028,clips/chay-tron-thanh-xuan__ep05_2__seg00028.wav,chay-tron-thanh-xuan,4,anger,2,3,neutral,4.256,-2.644,neutral,3.49,-3.873
chay-tron-thanh-xuan/ep05_2,seg00029,clips/chay-tron-thanh-xuan__ep05_2__seg00029.wav,chay-tron-thanh-xuan,4,anger,2,4,anger,-1.763,1.347,anger,-0.57,2.155
chay-tron-thanh-xuan/ep05_2,seg00100,clips/chay-tron-thanh-xuan__ep05_2__seg00100.wav,chay-tron-thanh-xuan,4,anger,2,4,anger,1.284,2.237,joy,5.145,2.285
chay-tron-thanh-xuan/ep05_2,seg00034,clips/chay-tron-thanh-xuan__ep05_2__seg00034.wav,chay-tron-thanh-xuan,4,neutral,3,3,neutral,1.175,-0.21,neutral,0.123,-2.676
chay-tron-thanh-xuan/ep05_2,seg00045,clips/chay-tron-thanh-xuan__ep05_2__seg00045.wav,chay-tron-thanh-xuan,4,neutral,4,2,neutral,0.864,-3.799,neutral,-0.166,-3.077
chay-tron-thanh-xuan/ep05_2,seg00102,clips/chay-tron-thanh-xuan__ep05_2__seg00102.wav,chay-tron-thanh-xuan,4,anger,2,4,neutral,-0.062,2.824,neutral,5.025,0.172
chay-tron-thanh-xuan/ep05_2,seg00103,clips/chay-tron-thanh-xuan__ep05_2__seg00103.wav,chay-tron-thanh-xuan,4,neutral,3,3,fear_anxiety,-1.093,-0.585,neutral,-3.494,-3.98
chay-tron-thanh-xuan/ep05_2,seg00104,clips/chay-tron-thanh-xuan__ep05_2__seg00104.wav,chay-tron-thanh-xuan,4,sadness,2,2,sadness,-0.668,-0.359,neutral,0.001,-2.781
chay-tron-thanh-xuan/ep05_2,seg00106,clips/chay-tron-thanh-xuan__ep05_2__seg00106.wav,chay-tron-thanh-xuan,4,anger,2,2,sadness,1.188,0.673,sadness,-0.819,-0.792
chay-tron-thanh-xuan/ep05_2,seg00107,clips/chay-tron-thanh-xuan__ep05_2__seg00107.wav,chay-tron-thanh-xuan,4,sadness,1,2,joy,-1.379,0.877,sadness,-0.482,1.647
chay-tron-thanh-xuan/ep05_2,seg00108,clips/chay-tron-thanh-xuan__ep05_2__seg00108.wav,chay-tron-thanh-xuan,4,anger,3,3,neutral,1.004,0.679,neutral,1.936,0.716
chay-tron-thanh-xuan/ep05_2,seg00110,clips/chay-tron-thanh-xuan__ep05_2__seg00110.wav,chay-tron-thanh-xuan,4,anger,2,2,sadness,1.188,0.673,sadness,-0.819,-0.792
chay-tron-thanh-xuan/ep05_2,seg00111,clips/chay-tron-thanh-xuan__ep05_2__seg00111.wav,chay-tron-thanh-xuan,4,sadness,2,2,neutral,1.774,-3.47,neutral,0.716,-1.323
chay-tron-thanh-xuan/ep05_2,seg00112,clips/chay-tron-thanh-xuan__ep05_2__seg00112.wav,chay-tron-thanh-xuan,4,sadness,2,2,neutral,0.887,-2.611,neutral,-0.354,-3.504
chay-tron-thanh-xuan/ep05_2,seg00113,clips/chay-tron-thanh-xuan__ep05_2__seg00113.wav,chay-tron-thanh-xuan,4,fear_anxiety,2,2,sadness,-4.364,-0.301,neutral,1.437,-1.476
chay-tron-thanh-xuan/ep05_2,seg00115,clips/chay-tron-thanh-xuan__ep05_2__seg00115.wav,chay-tron-thanh-xuan,4,neutral,2,2,neutral,0.778,-3.664,neutral,0.649,-3.418
chay-tron-thanh-xuan/ep05_2,seg00117,clips/chay-tron-thanh-xuan__ep05_2__seg00117.wav,chay-tron-thanh-xuan,4,sadness,4,2,neutral,1.811,-2.533,sadness,1.851,-3.646
chay-tron-thanh-xuan/ep05_2,seg00118,clips/chay-tron-thanh-xuan__ep05_2__seg00118.wav,chay-tron-thanh-xuan,4,sadness,2,2,sadness,-0.558,0.523,sadness,1.063,-3.13
chay-tron-thanh-xuan/ep05_2,seg00049,clips/chay-tron-thanh-xuan__ep05_2__seg00049.wav,chay-tron-thanh-xuan,4,fear_anxiety,2,2,sadness,-2.955,-1.949,sadness,1.436,-0.936
chay-tron-thanh-xuan/ep05_2,seg00050,clips/chay-tron-thanh-xuan__ep05_2__seg00050.wav,chay-tron-thanh-xuan,4,sadness,1,4,sadness,-3.475,-3.427,sadness,-1.743,-3.406
chay-tron-thanh-xuan/ep05_2,seg00119,clips/chay-tron-thanh-xuan__ep05_2__seg00119.wav,chay-tron-thanh-xuan,4,sadness,2,4,sadness,0.571,2.737,sadness,2.777,1.365
chay-tron-thanh-xuan/ep05_2,seg00120,clips/chay-tron-thanh-xuan__ep05_2__seg00120.wav,chay-tron-thanh-xuan,4,sadness,1,5,sadness,-1.375,3.776,joy,-0.25,1.801
chay-tron-thanh-xuan/ep05_2,seg00052,clips/chay-tron-thanh-xuan__ep05_2__seg00052.wav,chay-tron-thanh-xuan,4,sadness,2,3,sadness,0.772,-1.78,neutral,0.689,-4.319
chay-tron-thanh-xuan/ep05_2,seg00055,clips/chay-tron-thanh-xuan__ep05_2__seg00055.wav,chay-tron-thanh-xuan,4,sadness,1,5,anger,0.739,1.916,anger,0.082,1.624
chay-tron-thanh-xuan/ep05_2,seg00121,clips/chay-tron-thanh-xuan__ep05_2__seg00121.wav,chay-tron-thanh-xuan,4,sadness,1,5,sadness,-0.959,2.341,neutral,-0.171,-0.169
chay-tron-thanh-xuan/ep05_2,seg00059,clips/chay-tron-thanh-xuan__ep05_2__seg00059.wav,chay-tron-thanh-xuan,4,joy,4,3,neutral,3.706,-1.954,sadness,-1.825,0.292
chay-tron-thanh-xuan/ep05_2,seg00060,clips/chay-tron-thanh-xuan__ep05_2__seg00060.wav,chay-tron-thanh-xuan,4,neutral,3,3,neutral,1.256,-0.807,sadness,-2.552,-2.16
chay-tron-thanh-xuan/ep05_2,seg00064,clips/chay-tron-thanh-xuan__ep05_2__seg00064.wav,chay-tron-thanh-xuan,4,sadness,2,3,neutral,-0.933,-0.55,neutral,0.552,0.948
chay-tron-thanh-xuan/ep05_2,seg00122,clips/chay-tron-thanh-xuan__ep05_2__seg00122.wav,chay-tron-thanh-xuan,4,neutral,3,3,sadness,1.642,-2.027,sadness,1.152,-0.001
chay-tron-thanh-xuan/ep05_2,seg00123,clips/chay-tron-thanh-xuan__ep05_2__seg00123.wav,chay-tron-thanh-xuan,4,neutral,3,3,neutral,-0.047,0.519,neutral,0.974,-2.065
chay-tron-thanh-xuan/ep05_2,seg00069,clips/chay-tron-thanh-xuan__ep05_2__seg00069.wav,chay-tron-thanh-xuan,4,neutral,3,3,neutral,-2.174,-0.045,sadness,-1.275,-3.001
chay-tron-thanh-xuan/ep05_2,seg00126,clips/chay-tron-thanh-xuan__ep05_2__seg00126.wav,chay-tron-thanh-xuan,4,fear_anxiety,2,4,sadness,-1.401,-0.319,anger,-1.366,1.319
chay-tron-thanh-xuan/ep05_2,seg00075,clips/chay-tron-thanh-xuan__ep05_2__seg00075.wav,chay-tron-thanh-xuan,4,neutral,3,3,fear_anxiety,-1.047,-2.116,sadness,2.711,-1.86
chay-tron-thanh-xuan/ep05_2,seg00076,clips/chay-tron-thanh-xuan__ep05_2__seg00076.wav,chay-tron-thanh-xuan,4,joy,4,4,neutral,-0.103,-3.424,neutral,0.877,-4.093
chay-tron-thanh-xuan/ep05_2,seg00077,clips/chay-tron-thanh-xuan__ep05_2__seg00077.wav,chay-tron-thanh-xuan,4,joy,4,2,neutral,2.3,-1.381,fear_anxiety,0.078,-2.286
chay-tron-thanh-xuan/ep05_2,seg00078,clips/chay-tron-thanh-xuan__ep05_2__seg00078.wav,chay-tron-thanh-xuan,4,neutral,3,3,joy,4.277,-3.489,sadness,-1.356,-5.781
chay-tron-thanh-xuan/ep05_2,seg00080,clips/chay-tron-thanh-xuan__ep05_2__seg00080.wav,chay-tron-thanh-xuan,4,sadness,2,2,sadness,1.488,-5.228,sadness,0.221,-6.901
chay-tron-thanh-xuan/ep05_2,seg00127,clips/chay-tron-thanh-xuan__ep05_2__seg00127.wav,chay-tron-thanh-xuan,4,fear_anxiety,2,2,sadness,-1.298,-2.882,sadness,-1.618,-4.194
chay-tron-thanh-xuan/ep06_1,seg00000,clips/chay-tron-thanh-xuan__ep06_1__seg00000.wav,chay-tron-thanh-xuan,2,neutral,3,2,neutral,0.205,-2.484,sadness,2.241,1.395
chay-tron-thanh-xuan/ep06_1,seg00002,clips/chay-tron-thanh-xuan__ep06_1__seg00002.wav,chay-tron-thanh-xuan,2,sadness,1,4,sadness,-0.966,-4.827,neutral,2.275,-4.562
chay-tron-thanh-xuan/ep06_1,seg00116,clips/chay-tron-thanh-xuan__ep06_1__seg00116.wav,chay-tron-thanh-xuan,2,sadness,1,4,sadness,0.373,-2.369,sadness,-1.558,-3.215
chay-tron-thanh-xuan/ep06_1,seg00117,clips/chay-tron-thanh-xuan__ep06_1__seg00117.wav,chay-tron-thanh-xuan,2,sadness,1,4,sadness,-0.297,0.078,sadness,3.281,-2.985
chay-tron-thanh-xuan/ep06_1,seg00004,clips/chay-tron-thanh-xuan__ep06_1__seg00004.wav,chay-tron-thanh-xuan,2,neutral,3,3,neutral,1.421,0.136,neutral,0.518,-1.269
chay-tron-thanh-xuan/ep06_1,seg00120,clips/chay-tron-thanh-xuan__ep06_1__seg00120.wav,chay-tron-thanh-xuan,2,sadness,1,3,sadness,-0.009,-0.649,sadness,0.858,-2.074
chay-tron-thanh-xuan/ep06_1,seg00005,clips/chay-tron-thanh-xuan__ep06_1__seg00005.wav,chay-tron-thanh-xuan,2,neutral,3,3,neutral,-0.62,-4.598,neutral,3.392,-4.829
chay-tron-thanh-xuan/ep06_1,seg00007,clips/chay-tron-thanh-xuan__ep06_1__seg00007.wav,chay-tron-thanh-xuan,2,neutral,3,3,neutral,1.706,-3.522,neutral,1.832,-2.941
chay-tron-thanh-xuan/ep06_1,seg00122,clips/chay-tron-thanh-xuan__ep06_1__seg00122.wav,chay-tron-thanh-xuan,2,anger,2,4,sadness,0.848,3.1,fear_anxiety,2.646,1.118
chay-tron-thanh-xuan/ep06_1,seg00010,clips/chay-tron-thanh-xuan__ep06_1__seg00010.wav,chay-tron-thanh-xuan,2,anger,1,5,anger,-1.299,4.672,neutral,0.389,2.553
chay-tron-thanh-xuan/ep06_1,seg00123,clips/chay-tron-thanh-xuan__ep06_1__seg00123.wav,chay-tron-thanh-xuan,2,neutral,2,2,sadness,-2.581,-2.705,neutral,0.609,0.099
chay-tron-thanh-xuan/ep06_1,seg00124,clips/chay-tron-thanh-xuan__ep06_1__seg00124.wav,chay-tron-thanh-xuan,2,sadness,1,3,sadness,1.45,-1.778,neutral,3.997,0.181
chay-tron-thanh-xuan/ep06_1,seg00015,clips/chay-tron-thanh-xuan__ep06_1__seg00015.wav,chay-tron-thanh-xuan,2,neutral,4,4,sadness,0.916,-1.246,neutral,2.311,-2.132
chay-tron-thanh-xuan/ep06_1,seg00017,clips/chay-tron-thanh-xuan__ep06_1__seg00017.wav,chay-tron-thanh-xuan,2,joy,5,4,neutral,1.928,-1.206,joy,2.995,-2.655
chay-tron-thanh-xuan/ep06_1,seg00018,clips/chay-tron-thanh-xuan__ep06_1__seg00018.wav,chay-tron-thanh-xuan,2,joy,4,2,sadness,0.331,-1.987,sadness,0.75,-0.765
chay-tron-thanh-xuan/ep06_1,seg00021,clips/chay-tron-thanh-xuan__ep06_1__seg00021.wav,chay-tron-thanh-xuan,2,joy,4,4,joy,1.776,1.07,joy,3.536,-2.03
chay-tron-thanh-xuan/ep06_1,seg00026,clips/chay-tron-thanh-xuan__ep06_1__seg00026.wav,chay-tron-thanh-xuan,2,anger,2,4,fear_anxiety,-1.334,0.228,fear_anxiety,-2.864,3.363
chay-tron-thanh-xuan/ep06_1,seg00027,clips/chay-tron-thanh-xuan__ep06_1__seg00027.wav,chay-tron-thanh-xuan,2,anger,2,4,anger,-2.699,3.089,anger,-1.947,2.072
chay-tron-thanh-xuan/ep06_1,seg00029,clips/chay-tron-thanh-xuan__ep06_1__seg00029.wav,chay-tron-thanh-xuan,2,anger,2,3,anger,-3.392,1.923,anger,-0.022,2.217
chay-tron-thanh-xuan/ep06_1,seg00032,clips/chay-tron-thanh-xuan__ep06_1__seg00032.wav,chay-tron-thanh-xuan,2,joy,4,3,sadness,1.951,-0.906,sadness,2.825,-2.989
chay-tron-thanh-xuan/ep06_1,seg00034,clips/chay-tron-thanh-xuan__ep06_1__seg00034.wav,chay-tron-thanh-xuan,2,joy,4,3,neutral,1.063,-4.43,neutral,3.798,-5.829
chay-tron-thanh-xuan/ep06_1,seg00037,clips/chay-tron-thanh-xuan__ep06_1__seg00037.wav,chay-tron-thanh-xuan,2,joy,3,3,joy,2.957,-2.118,sadness,3.069,-4.758
chay-tron-thanh-xuan/ep06_1,seg00038,clips/chay-tron-thanh-xuan__ep06_1__seg00038.wav,chay-tron-thanh-xuan,2,joy,2,3,anger,-0.054,-3.302,neutral,-0.247,-7.285
chay-tron-thanh-xuan/ep06_1,seg00039,clips/chay-tron-thanh-xuan__ep06_1__seg00039.wav,chay-tron-thanh-xuan,2,joy,3,3,joy,4.346,-3.938,joy,2.44,-3.26
chay-tron-thanh-xuan/ep06_1,seg00041,clips/chay-tron-thanh-xuan__ep06_1__seg00041.wav,chay-tron-thanh-xuan,2,joy,4,3,sadness,0.882,0.852,joy,2.489,-1.562
chay-tron-thanh-xuan/ep06_1,seg00125,clips/chay-tron-thanh-xuan__ep06_1__seg00125.wav,chay-tron-thanh-xuan,2,neutral,4,3,neutral,1.734,-2.231,neutral,2.222,-4.685
chay-tron-thanh-xuan/ep06_1,seg00057,clips/chay-tron-thanh-xuan__ep06_1__seg00057.wav,chay-tron-thanh-xuan,2,neutral,3,3,sadness,1.874,-4.775,neutral,2.273,-3.927
chay-tron-thanh-xuan/ep06_1,seg00126,clips/chay-tron-thanh-xuan__ep06_1__seg00126.wav,chay-tron-thanh-xuan,2,sadness,2,3,neutral,-1.094,-2.108,neutral,-1.147,-2.364
chay-tron-thanh-xuan/ep06_1,seg00066,clips/chay-tron-thanh-xuan__ep06_1__seg00066.wav,chay-tron-thanh-xuan,2,anger,1,5,anger,-1.018,3.885,anger,-3.638,3.433
chay-tron-thanh-xuan/ep06_1,seg00068,clips/chay-tron-thanh-xuan__ep06_1__seg00068.wav,chay-tron-thanh-xuan,2,anger,2,4,anger,-1.97,3.327,anger,-0.252,1.09
chay-tron-thanh-xuan/ep06_1,seg00072,clips/chay-tron-thanh-xuan__ep06_1__seg00072.wav,chay-tron-thanh-xuan,2,neutral,4,3,neutral,2.154,-2.822,neutral,3.073,-0.779
chay-tron-thanh-xuan/ep06_1,seg00127,clips/chay-tron-thanh-xuan__ep06_1__seg00127.wav,chay-tron-thanh-xuan,2,neutral,4,4,joy,4.533,-0.717,neutral,7.834,1.299
chay-tron-thanh-xuan/ep06_1,seg00090,clips/chay-tron-thanh-xuan__ep06_1__seg00090.wav,chay-tron-thanh-xuan,2,neutral,3,3,neutral,0.822,-0.741,neutral,2.149,-2.33
chay-tron-thanh-xuan/ep06_1,seg00095,clips/chay-tron-thanh-xuan__ep06_1__seg00095.wav,chay-tron-thanh-xuan,2,neutral,3,3,anger,-2.439,3.851,anger,0.512,4.776
chay-tron-thanh-xuan/ep06_1,seg00098,clips/chay-tron-thanh-xuan__ep06_1__seg00098.wav,chay-tron-thanh-xuan,2,anger,1,2,sadness,-2.418,0.044,sadness,1.774,-0.864
chay-tron-thanh-xuan/ep06_1,seg00128,clips/chay-tron-thanh-xuan__ep06_1__seg00128.wav,chay-tron-thanh-xuan,2,joy,4,4,joy,-0.759,5.0,anger,2.1,0.465
chay-tron-thanh-xuan/ep06_1,seg00105,clips/chay-tron-thanh-xuan__ep06_1__seg00105.wav,chay-tron-thanh-xuan,2,fear_anxiety,2,4,neutral,0.917,-5.845,neutral,2.024,-0.488
chay-tron-thanh-xuan/ep06_1,seg00107,clips/chay-tron-thanh-xuan__ep06_1__seg00107.wav,chay-tron-thanh-xuan,2,fear_anxiety,2,3,neutral,0.897,-3.261,neutral,1.886,-0.223
chay-tron-thanh-xuan/ep06_1,seg00111,clips/chay-tron-thanh-xuan__ep06_1__seg00111.wav,chay-tron-thanh-xuan,2,fear_anxiety,2,3,neutral,0.477,0.133,neutral,1.076,-3.588
chay-tron-thanh-xuan/ep06_1,seg00114,clips/chay-tron-thanh-xuan__ep06_1__seg00114.wav,chay-tron-thanh-xuan,2,fear_anxiety,2,3,sadness,0.936,-1.235,neutral,3.643,-3.975
chay-tron-thanh-xuan/ep06_2,seg00008,clips/chay-tron-thanh-xuan__ep06_2__seg00008.wav,chay-tron-thanh-xuan,4,anger,1,4,anger,-1.074,-0.643,anger,-0.583,-0.488
chay-tron-thanh-xuan/ep06_2,seg00078,clips/chay-tron-thanh-xuan__ep06_2__seg00078.wav,chay-tron-thanh-xuan,4,anger,1,4,anger,-0.832,2.638,anger,1.03,1.162
chay-tron-thanh-xuan/ep06_2,seg00079,clips/chay-tron-thanh-xuan__ep06_2__seg00079.wav,chay-tron-thanh-xuan,4,anger,1,4,anger,-1.959,2.856,neutral,-0.958,2.286
chay-tron-thanh-xuan/ep06_2,seg00016,clips/chay-tron-thanh-xuan__ep06_2__seg00016.wav,chay-tron-thanh-xuan,4,anger,2,4,anger,-0.716,1.684,joy,1.565,-0.741
chay-tron-thanh-xuan/ep06_2,seg00017,clips/chay-tron-thanh-xuan__ep06_2__seg00017.wav,chay-tron-thanh-xuan,4,anger,2,4,anger,1.881,0.888,joy,1.978,1.254
chay-tron-thanh-xuan/ep06_2,seg00019,clips/chay-tron-thanh-xuan__ep06_2__seg00019.wav,chay-tron-thanh-xuan,4,anger,2,3,anger,-1.036,1.007,anger,1.081,-0.261
chay-tron-thanh-xuan/ep06_2,seg00021,clips/chay-tron-thanh-xuan__ep06_2__seg00021.wav,chay-tron-thanh-xuan,4,anger,4,4,anger,-2.961,5.591,anger,1.365,0.188
chay-tron-thanh-xuan/ep06_2,seg00022,clips/chay-tron-thanh-xuan__ep06_2__seg00022.wav,chay-tron-thanh-xuan,4,anger,2,5,fear_anxiety,-3.799,6.561,anger,-6.296,3.0
chay-tron-thanh-xuan/ep06_2,seg00025,clips/chay-tron-thanh-xuan__ep06_2__seg00025.wav,chay-tron-thanh-xuan,4,fear_anxiety,1,4,fear_anxiety,-1.532,4.622,fear_anxiety,1.424,3.312
chay-tron-thanh-xuan/ep06_2,seg00026,clips/chay-tron-thanh-xuan__ep06_2__seg00026.wav,chay-tron-thanh-xuan,4,fear_anxiety,2,4,fear_anxiety,-4.497,3.813,fear_anxiety,-2.206,2.805
chay-tron-thanh-xuan/ep06_2,seg00027,clips/chay-tron-thanh-xuan__ep06_2__seg00027.wav,chay-tron-thanh-xuan,4,fear_anxiety,2,4,fear_anxiety,-3.676,3.516,anger,-3.759,0.867
chay-tron-thanh-xuan/ep06_2,seg00080,clips/chay-tron-thanh-xuan__ep06_2__seg00080.wav,chay-tron-thanh-xuan,4,neutral,3,2,neutral,0.362,-1.587,neutral,4.084,-3.236
chay-tron-thanh-xuan/ep06_2,seg00034,clips/chay-tron-thanh-xuan__ep06_2__seg00034.wav,chay-tron-thanh-xuan,4,neutral,3,2,fear_anxiety,1.913,-1.317,sadness,1.991,-2.281
chay-tron-thanh-xuan/ep06_2,seg00081,clips/chay-tron-thanh-xuan__ep06_2__seg00081.wav,chay-tron-thanh-xuan,4,neutral,3,2,neutral,0.659,0.551,neutral,4.556,0.756
chay-tron-thanh-xuan/ep06_2,seg00082,clips/chay-tron-thanh-xuan__ep06_2__seg00082.wav,chay-tron-thanh-xuan,4,sadness,2,3,sadness,-4.106,-0.222,anger,-6.392,-3.19
chay-tron-thanh-xuan/ep06_2,seg00039,clips/chay-tron-thanh-xuan__ep06_2__seg00039.wav,chay-tron-thanh-xuan,4,joy,4,3,neutral,1.831,-2.036,fear_anxiety,-2.146,-6.702
chay-tron-thanh-xuan/ep06_2,seg00040,clips/chay-tron-thanh-xuan__ep06_2__seg00040.wav,chay-tron-thanh-xuan,4,joy,4,3,joy,1.618,1.082,sadness,-2.005,-3.022
chay-tron-thanh-xuan/ep06_2,seg00043,clips/chay-tron-thanh-xuan__ep06_2__seg00043.wav,chay-tron-thanh-xuan,4,joy,4,4,joy,0.689,4.194,anger,-4.837,0.496
chay-tron-thanh-xuan/ep06_2,seg00044,clips/chay-tron-thanh-xuan__ep06_2__seg00044.wav,chay-tron-thanh-xuan,4,neutral,4,2,neutral,3.569,0.665,neutral,0.93,-1.644
chay-tron-thanh-xuan/ep06_2,seg00045,clips/chay-tron-thanh-xuan__ep06_2__seg00045.wav,chay-tron-thanh-xuan,4,neutral,3,2,neutral,-1.61,-1.857,neutral,-0.55,-2.987
chay-tron-thanh-xuan/ep06_2,seg00047,clips/chay-tron-thanh-xuan__ep06_2__seg00047.wav,chay-tron-thanh-xuan,4,neutral,3,2,neutral,2.133,-2.928,neutral,3.07,-4.427
chay-tron-thanh-xuan/ep06_2,seg00048,clips/chay-tron-thanh-xuan__ep06_2__seg00048.wav,chay-tron-thanh-xuan,4,joy,4,3,joy,1.119,-0.113,joy,2.343,-1.194
chay-tron-thanh-xuan/ep06_2,seg00051,clips/chay-tron-thanh-xuan__ep06_2__seg00051.wav,chay-tron-thanh-xuan,4,joy,4,4,fear_anxiety,-0.046,2.814,fear_anxiety,0.993,3.408
chay-tron-thanh-xuan/ep06_2,seg00053,clips/chay-tron-thanh-xuan__ep06_2__seg00053.wav,chay-tron-thanh-xuan,4,joy,4,4,neutral,0.066,-0.479,sadness,-0.15,-0.992
chay-tron-thanh-xuan/ep06_2,seg00058,clips/chay-tron-thanh-xuan__ep06_2__seg00058.wav,chay-tron-thanh-xuan,4,fear_anxiety,2,4,anger,-1.019,-0.12,anger,0.501,0.797
chay-tron-thanh-xuan/ep06_2,seg00060,clips/chay-tron-thanh-xuan__ep06_2__seg00060.wav,chay-tron-thanh-xuan,4,neutral,4,4,fear_anxiety,-0.99,0.548,neutral,0.751,0.239
chay-tron-thanh-xuan/ep06_2,seg00061,clips/chay-tron-thanh-xuan__ep06_2__seg00061.wav,chay-tron-thanh-xuan,4,neutral,3,3,neutral,-0.097,1.923,neutral,-1.189,0.293
chay-tron-thanh-xuan/ep06_2,seg00070,clips/chay-tron-thanh-xuan__ep06_2__seg00070.wav,chay-tron-thanh-xuan,4,neutral,3,3,anger,0.053,1.122,fear_anxiety,-3.084,-1.028
chay-tron-thanh-xuan/ep06_2,seg00071,clips/chay-tron-thanh-xuan__ep06_2__seg00071.wav,chay-tron-thanh-xuan,4,sadness,2,2,anger,1.356,0.726,anger,-0.979,-0.971
chay-tron-thanh-xuan/ep07_1,seg00003,clips/chay-tron-thanh-xuan__ep07_1__seg00003.wav,chay-tron-thanh-xuan,1,fear_anxiety,2,2,neutral,0.142,-4.687,sadness,-1.404,-3.858
chay-tron-thanh-xuan/ep07_1,seg00064,clips/chay-tron-thanh-xuan__ep07_1__seg00064.wav,chay-tron-thanh-xuan,1,sadness,1,2,sadness,-2.891,-2.141,sadness,-1.651,-1.829
chay-tron-thanh-xuan/ep07_1,seg00065,clips/chay-tron-thanh-xuan__ep07_1__seg00065.wav,chay-tron-thanh-xuan,1,fear_anxiety,2,2,sadness,-0.985,-1.293,sadness,-1.28,-3.395
chay-tron-thanh-xuan/ep07_1,seg00007,clips/chay-tron-thanh-xuan__ep07_1__seg00007.wav,chay-tron-thanh-xuan,1,anger,2,4,sadness,-2.047,-2.196,sadness,-2.278,-0.247
chay-tron-thanh-xuan/ep07_1,seg00006,clips/chay-tron-thanh-xuan__ep07_1__seg00006.wav,chay-tron-thanh-xuan,1,neutral,3,2,sadness,0.569,-1.919,sadness,-2.909,-1.972
chay-tron-thanh-xuan/ep07_1,seg00009,clips/chay-tron-thanh-xuan__ep07_1__seg00009.wav,chay-tron-thanh-xuan,1,neutral,3,3,anger,-0.664,0.126,anger,-0.707,-2.442
chay-tron-thanh-xuan/ep07_1,seg00010,clips/chay-tron-thanh-xuan__ep07_1__seg00010.wav,chay-tron-thanh-xuan,1,joy,4,4,fear_anxiety,-0.441,1.327,fear_anxiety,1.238,-0.067
chay-tron-thanh-xuan/ep07_1,seg00017,clips/chay-tron-thanh-xuan__ep07_1__seg00017.wav,chay-tron-thanh-xuan,1,sadness,2,4,sadness,-2.73,3.905,fear_anxiety,-3.122,-0.83
chay-tron-thanh-xuan/ep07_1,seg00018,clips/chay-tron-thanh-xuan__ep07_1__seg00018.wav,chay-tron-thanh-xuan,1,sadness,2,4,anger,-3.86,6.764,joy,-1.195,3.508
chay-tron-thanh-xuan/ep07_1,seg00067,clips/chay-tron-thanh-xuan__ep07_1__seg00067.wav,chay-tron-thanh-xuan,1,sadness,2,2,fear_anxiety,-0.977,-1.168,neutral,2.757,-3.287
chay-tron-thanh-xuan/ep07_1,seg00068,clips/chay-tron-thanh-xuan__ep07_1__seg00068.wav,chay-tron-thanh-xuan,1,neutral,3,3,neutral,2.599,-1.02,neutral,0.241,-3.556
chay-tron-thanh-xuan/ep07_1,seg00019,clips/chay-tron-thanh-xuan__ep07_1__seg00019.wav,chay-tron-thanh-xuan,1,sadness,2,4,neutral,-0.72,0.322,neutral,0.538,0.081
chay-tron-thanh-xuan/ep07_1,seg00020,clips/chay-tron-thanh-xuan__ep07_1__seg00020.wav,chay-tron-thanh-xuan,1,fear_anxiety,2,4,neutral,-1.762,-2.257,neutral,-4.143,-0.584
chay-tron-thanh-xuan/ep07_1,seg00023,clips/chay-tron-thanh-xuan__ep07_1__seg00023.wav,chay-tron-thanh-xuan,1,neutral,4,2,fear_anxiety,0.876,-3.356,sadness,2.397,-3.598
chay-tron-thanh-xuan/ep07_1,seg00069,clips/chay-tron-thanh-xuan__ep07_1__seg00069.wav,chay-tron-thanh-xuan,1,neutral,3,3,neutral,1.672,-3.779,neutral,0.27,-3.403
chay-tron-thanh-xuan/ep07_1,seg00070,clips/chay-tron-thanh-xuan__ep07_1__seg00070.wav,chay-tron-thanh-xuan,1,fear_anxiety,2,3,sadness,-0.54,-0.728,neutral,3.147,-3.398
chay-tron-thanh-xuan/ep07_1,seg00071,clips/chay-tron-thanh-xuan__ep07_1__seg00071.wav,chay-tron-thanh-xuan,1,sadness,2,3,sadness,-1.196,-4.597,neutral,-0.62,-0.407
chay-tron-thanh-xuan/ep07_1,seg00072,clips/chay-tron-thanh-xuan__ep07_1__seg00072.wav,chay-tron-thanh-xuan,1,sadness,2,3,sadness,1.694,1.325,neutral,6.586,-2.9
chay-tron-thanh-xuan/ep07_1,seg00073,clips/chay-tron-thanh-xuan__ep07_1__seg00073.wav,chay-tron-thanh-xuan,1,neutral,3,3,neutral,1.46,-3.935,neutral,1.33,-1.634
chay-tron-thanh-xuan/ep07_1,seg00074,clips/chay-tron-thanh-xuan__ep07_1__seg00074.wav,chay-tron-thanh-xuan,1,fear_anxiety,2,2,neutral,0.382,-2.629,neutral,-4.172,-7.532
chay-tron-thanh-xuan/ep07_1,seg00030,clips/chay-tron-thanh-xuan__ep07_1__seg00030.wav,chay-tron-thanh-xuan,1,joy,4,2,joy,4.412,-0.371,neutral,0.094,-4.663
chay-tron-thanh-xuan/ep07_1,seg00031,clips/chay-tron-thanh-xuan__ep07_1__seg00031.wav,chay-tron-thanh-xuan,1,joy,4,3,neutral,2.511,-2.594,neutral,1.971,-5.861
chay-tron-thanh-xuan/ep07_1,seg00032,clips/chay-tron-thanh-xuan__ep07_1__seg00032.wav,chay-tron-thanh-xuan,1,joy,4,3,joy,1.111,0.446,fear_anxiety,2.076,0.828
chay-tron-thanh-xuan/ep07_1,seg00033,clips/chay-tron-thanh-xuan__ep07_1__seg00033.wav,chay-tron-thanh-xuan,1,joy,4,3,joy,1.878,-3.498,sadness,1.248,-5.362
chay-tron-thanh-xuan/ep07_1,seg00037,clips/chay-tron-thanh-xuan__ep07_1__seg00037.wav,chay-tron-thanh-xuan,1,anger,2,4,sadness,-2.443,0.084,sadness,-0.242,-1.625
chay-tron-thanh-xuan/ep07_1,seg00075,clips/chay-tron-thanh-xuan__ep07_1__seg00075.wav,chay-tron-thanh-xuan,1,anger,2,4,fear_anxiety,-4.617,3.269,fear_anxiety,-0.815,1.714
chay-tron-thanh-xuan/ep07_1,seg00076,clips/chay-tron-thanh-xuan__ep07_1__seg00076.wav,chay-tron-thanh-xuan,1,sadness,2,2,sadness,2.267,-1.038,sadness,1.147,-2.424
chay-tron-thanh-xuan/ep07_1,seg00077,clips/chay-tron-thanh-xuan__ep07_1__seg00077.wav,chay-tron-thanh-xuan,1,fear_anxiety,1,4,joy,2.651,-0.952,anger,2.927,-3.667
chay-tron-thanh-xuan/ep07_1,seg00047,clips/chay-tron-thanh-xuan__ep07_1__seg00047.wav,chay-tron-thanh-xuan,1,fear_anxiety,2,4,neutral,1.409,-1.506,joy,-0.804,2.456
chay-tron-thanh-xuan/ep07_1,seg00048,clips/chay-tron-thanh-xuan__ep07_1__seg00048.wav,chay-tron-thanh-xuan,1,fear_anxiety,1,3,anger,-1.415,0.254,neutral,-2.357,-0.238
chay-tron-thanh-xuan/ep07_1,seg00057,clips/chay-tron-thanh-xuan__ep07_1__seg00057.wav,chay-tron-thanh-xuan,1,anger,2,4,sadness,-1.631,1.261,sadness,0.368,-1.757
chay-tron-thanh-xuan/ep07_1,seg00078,clips/chay-tron-thanh-xuan__ep07_1__seg00078.wav,chay-tron-thanh-xuan,1,anger,2,4,fear_anxiety,-2.365,2.73,neutral,0.333,1.137
chay-tron-thanh-xuan/ep07_1,seg00058,clips/chay-tron-thanh-xuan__ep07_1__seg00058.wav,chay-tron-thanh-xuan,1,anger,2,4,anger,-3.339,0.518,sadness,-2.065,1.189
chay-tron-thanh-xuan/ep07_1,seg00079,clips/chay-tron-thanh-xuan__ep07_1__seg00079.wav,chay-tron-thanh-xuan,1,anger,2,4,anger,-1.641,5.664,neutral,6.264,-0.504
chay-tron-thanh-xuan/ep07_1,seg00060,clips/chay-tron-thanh-xuan__ep07_1__seg00060.wav,chay-tron-thanh-xuan,1,anger,4,2,neutral,-2.465,0.735,sadness,-3.169,1.095
chay-tron-thanh-xuan/ep07_1,seg00061,clips/chay-tron-thanh-xuan__ep07_1__seg00061.wav,chay-tron-thanh-xuan,1,fear_anxiety,2,4,neutral,-0.418,0.45,anger,-2.007,-1.652
chay-tron-thanh-xuan/ep07_1,seg00080,clips/chay-tron-thanh-xuan__ep07_1__seg00080.wav,chay-tron-thanh-xuan,1,anger,2,4,neutral,-1.772,-2.213,neutral,-2.469,0.57
chay-tron-thanh-xuan/ep07_1,seg00081,clips/chay-tron-thanh-xuan__ep07_1__seg00081.wav,chay-tron-thanh-xuan,1,anger,2,4,anger,-1.037,1.902,neutral,-1.982,0.182
chay-tron-thanh-xuan/ep07_2,seg00000,clips/chay-tron-thanh-xuan__ep07_2__seg00000.wav,chay-tron-thanh-xuan,0,sadness,2,2,sadness,0.768,-3.392,sadness,-1.509,-1.617
chay-tron-thanh-xuan/ep07_2,seg00102,clips/chay-tron-thanh-xuan__ep07_2__seg00102.wav,chay-tron-thanh-xuan,0,fear_anxiety,4,3,joy,-0.114,0.012,anger,2.305,-1.97
chay-tron-thanh-xuan/ep07_2,seg00103,clips/chay-tron-thanh-xuan__ep07_2__seg00103.wav,chay-tron-thanh-xuan,0,sadness,3,3,sadness,-2.967,-2.874,neutral,4.121,-3.89
chay-tron-thanh-xuan/ep07_2,seg00104,clips/chay-tron-thanh-xuan__ep07_2__seg00104.wav,chay-tron-thanh-xuan,0,sadness,3,3,sadness,-2.967,-2.874,neutral,4.121,-3.89
chay-tron-thanh-xuan/ep07_2,seg00105,clips/chay-tron-thanh-xuan__ep07_2__seg00105.wav,chay-tron-thanh-xuan,0,sadness,2,2,sadness,-0.221,-6.219,sadness,-0.548,-4.413
chay-tron-thanh-xuan/ep07_2,seg00004,clips/chay-tron-thanh-xuan__ep07_2__seg00004.wav,chay-tron-thanh-xuan,0,joy,4,4,sadness,0.946,-3.109,sadness,-1.96,-2.681
chay-tron-thanh-xuan/ep07_2,seg00106,clips/chay-tron-thanh-xuan__ep07_2__seg00106.wav,chay-tron-thanh-xuan,0,sadness,2,2,sadness,2.261,-5.218,neutral,0.705,-9.189
chay-tron-thanh-xuan/ep07_2,seg00013,clips/chay-tron-thanh-xuan__ep07_2__seg00013.wav,chay-tron-thanh-xuan,0,fear_anxiety,2,4,neutral,7.761,-5.133,neutral,6.218,-7.098
chay-tron-thanh-xuan/ep07_2,seg00107,clips/chay-tron-thanh-xuan__ep07_2__seg00107.wav,chay-tron-thanh-xuan,0,anger,1,5,anger,-0.095,6.165,anger,1.277,-1.15
chay-tron-thanh-xuan/ep07_2,seg00108,clips/chay-tron-thanh-xuan__ep07_2__seg00108.wav,chay-tron-thanh-xuan,0,anger,2,4,fear_anxiety,-3.112,0.712,anger,-4.472,-4.452
chay-tron-thanh-xuan/ep07_2,seg00109,clips/chay-tron-thanh-xuan__ep07_2__seg00109.wav,chay-tron-thanh-xuan,0,anger,3,4,fear_anxiety,-2.091,1.978,anger,-0.392,-0.142
chay-tron-thanh-xuan/ep07_2,seg00019,clips/chay-tron-thanh-xuan__ep07_2__seg00019.wav,chay-tron-thanh-xuan,0,joy,4,3,anger,-0.23,-4.056,neutral,6.278,-3.067
chay-tron-thanh-xuan/ep07_2,seg00021,clips/chay-tron-thanh-xuan__ep07_2__seg00021.wav,chay-tron-thanh-xuan,0,joy,4,4,anger,0.74,0.205,anger,-2.371,-2.533
chay-tron-thanh-xuan/ep07_2,seg00023,clips/chay-tron-thanh-xuan__ep07_2__seg00023.wav,chay-tron-thanh-xuan,0,anger,2,4,neutral,-0.137,0.653,anger,-2.176,-0.36
chay-tron-thanh-xuan/ep07_2,seg00024,clips/chay-tron-thanh-xuan__ep07_2__seg00024.wav,chay-tron-thanh-xuan,0,neutral,3,3,anger,-0.144,1.368,sadness,0.189,1.842
chay-tron-thanh-xuan/ep07_2,seg00110,clips/chay-tron-thanh-xuan__ep07_2__seg00110.wav,chay-tron-thanh-xuan,0,neutral,3,3,anger,-0.912,-0.326,anger,-1.564,-3.642
chay-tron-thanh-xuan/ep07_2,seg00033,clips/chay-tron-thanh-xuan__ep07_2__seg00033.wav,chay-tron-thanh-xuan,0,joy,4,3,joy,3.363,2.867,joy,-2.595,-0.778
chay-tron-thanh-xuan/ep07_2,seg00036,clips/chay-tron-thanh-xuan__ep07_2__seg00036.wav,chay-tron-thanh-xuan,0,anger,2,4,anger,-3.585,3.934,joy,0.383,0.326
chay-tron-thanh-xuan/ep07_2,seg00040,clips/chay-tron-thanh-xuan__ep07_2__seg00040.wav,chay-tron-thanh-xuan,0,neutral,2,2,neutral,0.049,-3.739,neutral,2.293,-1.707
chay-tron-thanh-xuan/ep07_2,seg00042,clips/chay-tron-thanh-xuan__ep07_2__seg00042.wav,chay-tron-thanh-xuan,0,joy,4,3,joy,3.94,0.337,anger,5.041,-0.973
chay-tron-thanh-xuan/ep07_2,seg00112,clips/chay-tron-thanh-xuan__ep07_2__seg00112.wav,chay-tron-thanh-xuan,0,neutral,3,2,neutral,2.533,-3.912,neutral,1.148,-3.191
chay-tron-thanh-xuan/ep07_2,seg00051,clips/chay-tron-thanh-xuan__ep07_2__seg00051.wav,chay-tron-thanh-xuan,0,neutral,3,3,fear_anxiety,1.829,0.672,fear_anxiety,-0.626,-1.779
chay-tron-thanh-xuan/ep07_2,seg00053,clips/chay-tron-thanh-xuan__ep07_2__seg00053.wav,chay-tron-thanh-xuan,0,neutral,4,3,fear_anxiety,2.144,-1.434,fear_anxiety,2.002,0.908
chay-tron-thanh-xuan/ep07_2,seg00054,clips/chay-tron-thanh-xuan__ep07_2__seg00054.wav,chay-tron-thanh-xuan,0,joy,4,3,sadness,2.75,-0.17,sadness,-0.676,-4.482
chay-tron-thanh-xuan/ep07_2,seg00113,clips/chay-tron-thanh-xuan__ep07_2__seg00113.wav,chay-tron-thanh-xuan,0,joy,4,3,joy,3.495,0.352,neutral,-0.435,-2.589
chay-tron-thanh-xuan/ep07_2,seg00064,clips/chay-tron-thanh-xuan__ep07_2__seg00064.wav,chay-tron-thanh-xuan,0,joy,4,4,joy,2.529,1.81,joy,1.934,-0.351
chay-tron-thanh-xuan/ep07_2,seg00065,clips/chay-tron-thanh-xuan__ep07_2__seg00065.wav,chay-tron-thanh-xuan,0,joy,4,4,joy,4.374,6.356,joy,7.816,3.569
chay-tron-thanh-xuan/ep07_2,seg00114,clips/chay-tron-thanh-xuan__ep07_2__seg00114.wav,chay-tron-thanh-xuan,0,joy,4,3,joy,6.311,0.096,joy,3.903,-3.109
chay-tron-thanh-xuan/ep07_2,seg00116,clips/chay-tron-thanh-xuan__ep07_2__seg00116.wav,chay-tron-thanh-xuan,0,neutral,5,4,fear_anxiety,-0.11,3.526,anger,1.762,1.687
chay-tron-thanh-xuan/ep07_2,seg00117,clips/chay-tron-thanh-xuan__ep07_2__seg00117.wav,chay-tron-thanh-xuan,0,neutral,4,3,neutral,2.916,-0.05,fear_anxiety,-1.175,0.613
chay-tron-thanh-xuan/ep07_2,seg00118,clips/chay-tron-thanh-xuan__ep07_2__seg00118.wav,chay-tron-thanh-xuan,0,neutral,4,2,joy,1.814,-1.496,sadness,-0.692,-0.688
chay-tron-thanh-xuan/ep07_2,seg00076,clips/chay-tron-thanh-xuan__ep07_2__seg00076.wav,chay-tron-thanh-xuan,0,anger,2,5,anger,-4.487,4.516,fear_anxiety,-0.107,0.883
chay-tron-thanh-xuan/ep07_2,seg00078,clips/chay-tron-thanh-xuan__ep07_2__seg00078.wav,chay-tron-thanh-xuan,0,anger,2,4,anger,-1.252,-0.102,fear_anxiety,0.121,0.537
chay-tron-thanh-xuan/ep07_2,seg00032,clips/chay-tron-thanh-xuan__ep07_2__seg00032.wav,chay-tron-thanh-xuan,0,neutral,3,3,neutral,-1.057,-0.556,neutral,-0.753,-4.141
chay-tron-thanh-xuan/ep07_2,seg00079,clips/chay-tron-thanh-xuan__ep07_2__seg00079.wav,chay-tron-thanh-xuan,0,anger,2,4,anger,-2.733,4.598,anger,1.506,0.899
chay-tron-thanh-xuan/ep07_2,seg00080,clips/chay-tron-thanh-xuan__ep07_2__seg00080.wav,chay-tron-thanh-xuan,0,neutral,3,1,neutral,2.664,-0.978,neutral,4.165,-2.997
chay-tron-thanh-xuan/ep07_2,seg00087,clips/chay-tron-thanh-xuan__ep07_2__seg00087.wav,chay-tron-thanh-xuan,0,joy,4,4,fear_anxiety,-1.342,2.513,joy,3.446,1.48
chay-tron-thanh-xuan/ep07_2,seg00088,clips/chay-tron-thanh-xuan__ep07_2__seg00088.wav,chay-tron-thanh-xuan,0,joy,4,3,fear_anxiety,1.195,2.446,anger,-0.771,1.626
chay-tron-thanh-xuan/ep07_2,seg00089,clips/chay-tron-thanh-xuan__ep07_2__seg00089.wav,chay-tron-thanh-xuan,0,joy,4,4,fear_anxiety,1.726,2.014,anger,-1.347,1.097
chay-tron-thanh-xuan/ep07_2,seg00119,clips/chay-tron-thanh-xuan__ep07_2__seg00119.wav,chay-tron-thanh-xuan,0,joy,4,3,fear_anxiety,1.289,1.88,anger,0.784,-0.786
chay-tron-thanh-xuan/ep07_2,seg00120,clips/chay-tron-thanh-xuan__ep07_2__seg00120.wav,chay-tron-thanh-xuan,0,neutral,3,3,neutral,1.678,-3.386,neutral,0.515,-4.479
chay-tron-thanh-xuan/ep07_2,seg00092,clips/chay-tron-thanh-xuan__ep07_2__seg00092.wav,chay-tron-thanh-xuan,0,sadness,2,2,sadness,-0.342,-0.764,sadness,-2.195,-3.391
chay-tron-thanh-xuan/ep08_1,seg00113,clips/chay-tron-thanh-xuan__ep08_1__seg00113.wav,chay-tron-thanh-xuan,0,sadness,2,2,sadness,0.06,-8.399,neutral,1.523,-1.42
chay-tron-thanh-xuan/ep08_1,seg00114,clips/chay-tron-thanh-xuan__ep08_1__seg00114.wav,chay-tron-thanh-xuan,0,neutral,3,3,neutral,-1.917,-1.71,neutral,-1.837,-2.867
chay-tron-thanh-xuan/ep08_1,seg00115,clips/chay-tron-thanh-xuan__ep08_1__seg00115.wav,chay-tron-thanh-xuan,0,sadness,2,2,sadness,-0.266,-1.952,neutral,-0.115,-2.386
chay-tron-thanh-xuan/ep08_1,seg00116,clips/chay-tron-thanh-xuan__ep08_1__seg00116.wav,chay-tron-thanh-xuan,0,sadness,2,2,sadness,-2.228,-3.034,neutral,-0.843,-2.935
chay-tron-thanh-xuan/ep08_1,seg00117,clips/chay-tron-thanh-xuan__ep08_1__seg00117.wav,chay-tron-thanh-xuan,0,sadness,4,2,anger,-0.695,-0.689,neutral,0.344,-2.196
chay-tron-thanh-xuan/ep08_1,seg00118,clips/chay-tron-thanh-xuan__ep08_1__seg00118.wav,chay-tron-thanh-xuan,0,sadness,2,4,anger,-0.758,5.089,fear_anxiety,-2.932,-1.742
chay-tron-thanh-xuan/ep08_1,seg00119,clips/chay-tron-thanh-xuan__ep08_1__seg00119.wav,chay-tron-thanh-xuan,0,sadness,2,5,sadness,-1.375,4.749,fear_anxiety,-2.16,1.463
chay-tron-thanh-xuan/ep08_1,seg00120,clips/chay-tron-thanh-xuan__ep08_1__seg00120.wav,chay-tron-thanh-xuan,0,sadness,2,5,sadness,-3.064,6.462,sadness,0.137,-0.441
chay-tron-thanh-xuan/ep08_1,seg00008,clips/chay-tron-thanh-xuan__ep08_1__seg00008.wav,chay-tron-thanh-xuan,0,anger,2,4,anger,-0.983,4.254,anger,1.637,2.502
